reviewed_id,jurisdiction,level,category,citation,source_doc_id,title,our_status_then,our_date_then,lawyer_status,lawyer_date,lawyer_source,lawyer_note
r-0001,CA,state,algorithmic_rent_setting,"Cal. Bus. & Prof. Code § 16729 (AB 325, Stats. 2025, Ch. 338)",X001,Ban on using or distributing a common pricing algorithm to restrain trade or coerce adoption of recommended prices,in_force,2026-01-01,in_force,2026-01-01,"Cal. Bus. & Prof. Code § 16729 (leginfo); AB 325 chaptered 10/06/2025 → Cal. Const. art. IV §8(c) default effective Jan 1, 2026","OK. Duplicate of r-0002/r-0003 (same section, source X001 is not a pack doc id). Keep one record per subsection (0002 = (a), 0003 = (b)) and drop this one. Statewide, applies to every CA address regardless of units/age. This is CA-ALG-01."
r-0002,CA,state,algorithmic_rent_setting,"Cal. Bus. & Prof. Code § 16729(a) (AB 325, Stats. 2025, ch. 338)",D022,Ban on using or distributing a common pricing algorithm as part of a conspiracy to restrain trade,in_force,2026-01-01,in_force,2026-01-01,leginfo AB 325 (D022),"OK. CA-ALG-01 for test T1: not in force on 2025-12-31, in force on 2026-01-01."
r-0003,CA,state,algorithmic_rent_setting,"Cal. Bus. & Prof. Code § 16729(b) (AB 325, Stats. 2025, ch. 338)",D022,Ban on coercing adoption of prices or terms recommended by a common pricing algorithm,in_force,2026-01-01,in_force,2026-01-01,leginfo AB 325 (D022),OK.
r-0004,CA,state,application_screening_fees,Cal. Civ. Code § 1950.6,D005,"Tenant screening fee cap, receipts and refunds (Civil Code 1950.6)",in_force,2026-01-01,in_force,,Cal. Civ. Code § 1950.6 (D026),Effective date wrong: § 1950.6 has been in force since 1998 (Stats. 1997); 2026-01-01 is only the date of the 2026 CPI-adjusted fee figure ($68.96). Put the figure in key_value with 'for 2026' and leave effective_date blank. Cite D026 (statute); D005 (Berkeley page) is secondary.
r-0005,CA,state,application_screening_fees,Cal. Civ. Code § 1950.6(c),D026,Conditions for charging a screening fee; refunds,in_force,2026-01-01,in_force,2025-01-01,Cal. Civ. Code § 1950.6(c) history note (D026),"Effective date wrong: the refund / first-come rules were added by AB 2493 (Stats. 2024), effective Jan 1, 2025, not 2026-01-01. Confirm the chapter number from the section's history note on leginfo."
r-0006,CA,state,application_screening_fees,"Cal. Civ. Code § 1950.6(d), (f)",D026,Screening fee receipt and credit report copy,in_force,2026-01-01,in_force,2025-01-01,"Cal. Civ. Code § 1950.6(d),(f) (D026)","Receipt requirement is original (1998); the mandatory credit-report copy came with AB 2493 (Jan 1, 2025). Use 2025-01-01 or blank — not 2026-01-01."
r-0007,CA,state,just_cause_eviction,"Cal. Civ. Code § 1946.2 (as amended by Stats. 2025, Ch. 203 (AB 1529))",D023,Tenant Protection Act statewide just cause eviction requirement,in_force,2024-04-01,in_force,2020-01-01,"Cal. Civ. Code § 1946.2 (D023); AB 1482, Stats. 2019 ch. 597","FLAGGED — resolved: the just-cause duty has been in force since Jan 1, 2020 (AB 1482). 'Operative April 1, 2024' = SB 567 amendments; 'Jan 1, 2026' = AB 1529 amendment; sunset Jan 1, 2030. Use the ORIGINAL date for effective_date and list the amendments in the note. Two coverage points for the engine: (1) the 15-year certificate-of-occupancy exemption is ROLLING — exempt if CO issued within 15 years before the as-of date (year_built > as_of_year−15 → exempt; == → unknown); (2) where a local just-cause ordinance applies (SF, LA, Berkeley, San Diego, Santa Ana) the local rule governs → result 'superseded' for this record at that address."
r-0008,CA,state,just_cause_eviction,"Cal. Gov. Code § 66300.6(b)(4)(A) (Housing Crisis Act of 2019, SB 330, as amended by SB 8 and AB 1218)",D043,Housing Crisis Act relocation for lower-income households displaced by demolition for new construction,in_force,,in_force,2020-01-01,"Cal. Gov. Code § 66300.6 (SB 330, Housing Crisis Act, eff. Jan 1, 2020)",Low value; source is an LA bulletin (secondary) for a state statute. Keep only if you cite the Gov. Code section itself. Not test-relevant.
r-0010,CA,state,rent_increase_limits,"Cal. Civ. Code § 1947.12 (Stats. 2023, Ch. 290, SB 567)",D024,Statewide rent increase cap (Tenant Protection Act),in_force,2024-04-01,in_force,2020-01-01,"Cal. Civ. Code § 1947.12 (D024); AB 1482, Stats. 2019 ch. 597","FLAGGED — resolved: cap in force since Jan 1, 2020 (AB 1482), applied retroactively to increases after March 15, 2019 — do NOT use 2019-03-15 or 2024-04-01 as effective_date. 2024-04-01 = SB 567 amendments (penalties); sunset 2030-01-01. Same rolling 15-year CO exemption as r-0007. Where a stricter local rent cap applies (Berkeley, SF, LA RSO, Santa Ana) → 'superseded'. Separately alienable single-family/condo exemption needs owner type + notice → 'unknown' from our data."
r-0011,CA,state,screening_restrictions,"Cal. Gov. Code § 12955(a), (p)",D027,Source-of-income discrimination ban in housing,in_force,,in_force,2020-01-01,Cal. Gov. Code § 12955 (D027); SB 329 (2019),"OK. Source-of-income (incl. vouchers) protection added by SB 329 effective Jan 1, 2020. Date cosmetic."
r-0012,CA,state,screening_restrictions,Cal. Gov. Code § 12955(o)(1)(A),D027,Income standard must be based on tenant's portion of rent for subsidized applicants,in_force,,in_force,2020-01-01,Gov. Code § 12955(o) (D027),OK.
r-0013,CA,state,screening_restrictions,"Cal. Gov. Code § 12955(o)(1)(B) (Stats. 2023, Ch. 776, SB 267)",D027,Alternative to credit history for subsidized applicants,in_force,2024-01-01,in_force,2024-01-01,Gov. Code § 12955(o)(1)(B) (D027),OK.
r-0014,CA,state,screening_restrictions,California Fair Employment and Housing Act (FEHA),D016,Source-of-income discrimination prohibited in rental housing (FEHA),in_force,,in_force,2020-01-01,"D016 (CRD page, secondary)",Duplicate of r-0011 (FEHA = Gov. Code § 12955). Merge into r-0011.
r-0015,CA,state,security_deposits,Assembly Bill 12,D007,Security deposit cap of one month's rent (AB 12),in_force,2024-07-01,in_force,2024-07-01,"D007 (Berkeley page, secondary)",Duplicate of r-0016 (AB 12 = Civ. Code § 1950.5(c)). Merge into r-0016.
r-0016,CA,state,security_deposits,Cal. Civ. Code § 1950.5(c),D025,Security deposit cap of one month's rent,in_force,2024-07-01,in_force,2024-07-01,Cal. Civ. Code § 1950.5(c) (D025),OK. Small-landlord 2-month exception needs owner type → 'unknown' from our data; say so in the explanation.
r-0017,CA,state,security_deposits,Cal. Civ. Code § 1950.5(c)(4),D025,Higher deposit for service members must be explained and returned after six months,in_force,2025-04-01,in_force,2025-04-01,§ 1950.5(c)(4) (D025),OK.
r-0018,CA,state,security_deposits,"Cal. Civ. Code § 1950.5(h), (m)",D025,Deposit return and itemized statement within 21 days; bad-faith penalty,in_force,,in_force,,"§ 1950.5(h),(m) (D025)",OK.
r-0019,CA,state,security_deposits,Cal. Civ. Code § 1950.5(n),D025,No nonrefundable deposits,in_force,,in_force,,§ 1950.5(n) (D025),OK.
r-0020,MA,state,algorithmic_rent_setting,H.5222 (194th General Court; new draft of H.1564),D045,An Act relative to preventing algorithmic rent fixing in the rental housing market (H.5222),pending,,pending,,malegislature.gov H.5222 bill history (D045),"OK — MA-ALG-P1. Check the bill-history page on the run date: if it was reported out or enacted after 10/1/2026 the status changes. Formal session ended 7/31/2026; bill stays 'pending' until the 194th General Court ends (Jan 2027). Result must be 'pending', never 'applies'."
r-0021,MA,state,algorithmic_rent_setting,Mass. Senate Bill S.2983 (194th General Court) (new draft of S.994 and S.1016),D046,An Act prohibiting algorithmic rent setting (S.2983),pending,,pending,,S.2983 bill history (D047),OK — MA-ALG-P2. Same as r-0020.
r-0024,MA,state,application_screening_fees,"M.G.L. c. 112 § 87DDD1/2 (as amended by St. 2025, c. 9, § 43)",D057,Broker fee paid only by the party who hired the broker,in_force,2025-08-01,in_force,2025-08-01,M.G.L. c. 112 § 87DDD½ as amended by St. 2025 c. 9 (D057),OK.
r-0025,MA,state,application_screening_fees,"M.G.L. c. 186 § 15B(1)(b) (as amended by St. 2025, c. 9, §§ 54-55)",D052,"Limit on upfront charges, including payments to landlord's agent (broker fees)",in_force,2025-08-01,in_force,2025-08-01,M.G.L. c. 186 § 15B(1)(b) (D052),"OK for the broker-fee amendment; the base rule (no application fee at all) is decades old. key_value should read 'no application fee permitted; only first, last, deposit, lock/key'."
r-0026,MA,state,just_cause_eviction,M.G.L. c. 186 § 11,D050,"14-day notice to quit for nonpayment of rent under a written lease, with right to cure",in_force,,in_force,,M.G.L. c. 186 § 11 (D050),Status OK but CATEGORY: MA has no just-cause statute. Keep this in just_cause_eviction only with explanation 'MA requires no just cause; this is the notice-to-quit procedure for nonpayment (14 days)'. Do not word the answer as if MA had a just-cause rule.
r-0027,MA,state,just_cause_eviction,M.G.L. c. 186 § 12,D051,Notice required to end a tenancy at will (no cause required),in_force,,in_force,,M.G.L. c. 186 § 12 (D051),Same as r-0026: 'no cause required; notice only'. key_value 'no just cause required'.
r-0028,MA,state,just_cause_eviction,M.G.L. c. 186 § 31,D058,Required notice form accompanying a notice to quit for nonpayment of rent,in_force,,in_force,2021-01-01,M.G.L. c. 186 § 31 (D058); St. 2020 c. 257,OK; added by St. 2020 c. 257 (effective around 12/31/2020). Date cosmetic.
r-0029,MA,state,rent_increase_limits,M.G.L. c. 40P § 4,D048,Statewide prohibition on local rent control (Rent Control Prohibition Act),in_force,,in_force,1995-01-01,"M.G.L. c. 40P § 4 (D048); St. 1994 c. 368 (ballot Question 9, Nov 1994)","FLAGGED — resolved: in force since Jan 1, 1995. This is the MA precedence rule: any city-level rent_increase_limits record in MA → 'superseded' with conflict_flag. It also explains why Boston H.3744 (r-0061/62) needed a home-rule petition."
r-0031,MA,state,rent_increase_limits,"Massachusetts statewide rent control initiative petition (Cella v. Attorney General, SJC-13893)",D059,Statewide rent control initiative petition removed from November 2026 ballot,failed,,failed,,"Cella v. Attorney General, SJC-13893 (June 23, 2026) (D059)","OK — MA-RENT-P1 for test T5. Status 'failed'; never output a cap from it. Put the decision date (2026-06-23) in the note, not in effective_date."
r-0032,MA,state,screening_restrictions,M.G.L. c. 151B § 4(10) (see also § 4(7B)),D049,Source-of-income discrimination ban (public assistance and housing subsidies),in_force,,in_force,,M.G.L. c. 151B § 4(10) (D049),OK.
r-0033,MA,state,security_deposits,M.G.L. c. 186 § 15B(1)(b)(iii),D052,Security deposit capped at first month's rent,in_force,,in_force,,c. 186 § 15B(1)(b)(iii) (D052),OK.
r-0034,MA,state,security_deposits,"M.G.L. c. 186 § 15B(4), (6), (7)",D052,Return of security deposit within 30 days; interest; treble damages,in_force,,in_force,,"c. 186 § 15B(4),(6),(7) (D052)",OK.
r-0035,NJ,state,algorithmic_rent_setting,"N.J.S.A. 56:9-20 to 56:9-26 (P.L. 2026, c.43; A3497 ACS 1R)",D069,Forbidding the Algorithmic Inflation of Rent (FAIR) Act – ban on algorithmic rent coordination,not_yet_effective,2027-07-01,not_yet_effective,2027-07-01,"P.L. 2026, c. 43 (D069): approved July 20, 2026; § 9 'first day of the twelfth month next following enactment'","FLAGGED — confirmed: Aug 2026 is month 1 … July 2027 is month 12 → effective 2027-07-01. NJ-ALG-01 for tests T2/T3: not_yet_effective on 2026-10-01, in_force on 2027-07-01. § 6(b) bars conflicting municipal ordinances → from 2027-07-01 flag Jersey City (r-0070) and Hoboken (r-0066) with conflict_flag; before that date the local ordinances stand alone."
r-0036,NJ,state,application_screening_fees,"N.J.S.A. 46:8-18.1 (P.L. 2025, c.405; A4899)",D066,Residential rental application fee capped at $50 (CPI-adjusted),in_force,2026-05-01,in_force,2026-05-01,"P.L. 2025, c. 405 (D066): approved Jan 20, 2026; 'first day of the fourth month next following enactment'","OK — Feb=1, Mar=2, Apr=3, May=4 → 2026-05-01 is right. Exemption: units in 1- or 2-family dwellings → predicate units <= 2 → does not apply; units unknown → unknown."
r-0037,NJ,state,just_cause_eviction,"N.J.S.A. 2A:18-61.1 (Anti-Eviction Act, N.J.S.A. 2A:18-61.1 to -61.12)",D067,Anti-Eviction Act: good cause required to evict or refuse to renew,in_force,,in_force,,"N.J.S.A. 2A:18-61.1 (D067 is the DCA guide, secondary — cite the statute)","OK. Owner-occupied ≤3-unit exemption needs owner-occupancy, which we don't have → buildings with units >= 4 'applies'; units <= 3 'unknown'."
r-0038,NJ,state,rent_increase_limits,N.J.S.A. 2A:18-61.1(f),D067,No statewide rent cap; increases must not be unconscionable and must comply with local rent control,in_force,,in_force,,N.J.S.A. 2A:18-61.1(f),OK as the 'no statewide cap' placeholder; useful for the explanation text.
r-0039,NJ,state,rent_increase_limits,N.J.S.A. 2A:18-61.31,D067,No rent increases to cover condominium or cooperative conversion costs,in_force,,in_force,,N.J.S.A. 2A:18-61.31,"OK, niche."
r-0040,NJ,state,rent_increase_limits,N.J.S.A. 2A:42-84.5 (Newly Constructed Multiple Dwellings Law),D067,Newly constructed multiple dwellings exempt from local rent control for 30 years,in_force,,in_force,1987-06-25,"N.J.S.A. 2A:42-84.1 to -84.6 (P.L. 1987, c. 153, eff. June 25, 1987)","FLAGGED — resolved: effective June 25, 1987 (that is why Hoboken's exemption says 'built after June 25, 1987'). The exemption is NOT automatic: the owner must file a notice with the municipal construction official and DCA (2A:42-84.4), 'multiple dwelling' = 3+ units, and the term is 30 years from completion or the initial mortgage amortization period, whichever is less. Engine rule: NJ local rent control on a building completed within the last 30 years → 'unknown' (exemption depends on the filing), not 'does not apply'."
r-0041,NJ,state,screening_restrictions,N.J.S.A. 10:5-12(g)-(h),D067,Law Against Discrimination bars source-of-income discrimination,in_force,,in_force,,"N.J.S.A. 10:5-12(g),(h)","OK; cite statute, D067 secondary."
r-0042,NJ,state,screening_restrictions,"N.J.S.A. 46:8-55 (P.L. 2021, c.110, § 4; Fair Chance in Housing Act)",D065,Fair Chance in Housing Act: no criminal-history questions before a conditional offer,in_force,2022-01-01,in_force,2022-01-01,"P.L. 2021, c. 110 (D065)",OK.
r-0043,NJ,state,screening_restrictions,"N.J.S.A. 46:8-55(b) (P.L. 2021, c.110, § 4)",D065,Fair Chance in Housing Act: written disclosure before accepting an application fee,in_force,2022-01-01,in_force,2022-01-01,"P.L. 2021, c. 110 (D065)",OK.
r-0044,NJ,state,screening_restrictions,"N.J.S.A. 46:8-56 (P.L. 2021, c.110, § 5)",D065,Fair Chance in Housing Act: limits on criminal records considered after a conditional offer,in_force,2022-01-01,in_force,2022-01-01,"P.L. 2021, c. 110 (D065)",OK.
r-0045,NJ,state,screening_restrictions,New Jersey Law Against Discrimination (LAD),D068,Source of lawful income discrimination prohibited (NJ Law Against Discrimination),in_force,,in_force,,"D068 (DCR brochure, secondary)",Duplicate of r-0041. Merge.
r-0046,NJ,state,security_deposits,"N.J.S.A. 46:8-21.2 (see also N.J.S.A. 46:8-19, 46:8-21.1, 46:8-26)",D067,Security deposit capped at 1.5 months' rent,in_force,,in_force,,N.J.S.A. 46:8-21.2,OK.
r-0047,"Berkeley, CA",city,algorithmic_rent_setting,"Berkeley Mun. Code ch. 13.63, § 13.63.030 (Ord. No. 7,992-N.S.)",D001,Ban on selling or using coordinated pricing algorithms to set rents or occupancy,in_force,,in_force,2026-01-01,"Berkeley Ord. 7,992-N.S. (D001): passed to print Nov 18, 2025, adopted Dec 2, 2025; Berkeley ordinances take effect 30 days after adoption","Add effective_date ≈ 2026-01-01 (30 days after 12/2/2025 adoption). The ordinance 'amends' ch. 13.63, so an earlier version existed — if you find the earlier ordinance, the ban may have been in force since 2025; say 'amended version effective 2026-01-01'. Applies to every Berkeley address."
r-0048,"Berkeley, CA",city,application_screening_fees,Berkeley Mun. Code § 13.78.010,D005,Required tenant screening fee rights statement,in_force,,in_force,,BMC § 13.78.010 (D005),OK.
r-0049,"Berkeley, CA",city,application_screening_fees,Berkeley Mun. Code § 13.78.016 (see also § 13.78.018),D005,No non-refundable fees for renewals or roommate changes,in_force,,in_force,,BMC § 13.78.016 (D005),OK.
r-0050,"Berkeley, CA",city,just_cause_eviction,Berkeley Ellis Implementation Ordinance (relocation assistance),D004,Relocation assistance for Ellis Act evictions (2026 inflation adjustment),in_force,2026-01-01,in_force,2026-01-01,D004,OK (2026 amounts).
r-0051,"Berkeley, CA",city,just_cause_eviction,Berkeley Measure BB (Nov. 2024) amending Berkeley Rent Stabilization and Eviction for Good Cause Ordinance,D006,Nonpayment eviction requires debt of at least one month's Fair Market Rent,in_force,,in_force,,"Measure BB (Nov 5, 2024), effective on certification (Dec 2024)","Add effective_date = date the Council declared the election results (Dec 2024) if you can find it on the City Clerk page; otherwise leave blank. Pre-2025, so no test impact."
r-0052,"Berkeley, CA",city,just_cause_eviction,Berkeley Rent Stabilization and Eviction for Just Cause Ordinance,D009,Berkeley just cause for eviction coverage by unit type,in_force,,in_force,,D009 (Rent Board coverage chart),"This is a coverage table, not a rule — fold it into the coverage_conditions of r-0051/r-0054/r-0056 rather than reporting it as its own rule. The quoted span ('Most condominiums** Partially Covered Yes No Yes Yes') will read badly in a demo."
r-0053,"Berkeley, CA",city,just_cause_eviction,"Berkeley Rent Stabilization and Good Cause for Eviction Ordinance (relocation assistance, owner move-in)",D004,Relocation assistance for owner move-in evictions (2026 inflation adjustment),in_force,2026-01-01,in_force,2026-01-01,D004,OK.
r-0054,"Berkeley, CA",city,rent_increase_limits,Berkeley Measure BB (Nov. 2024) amending Berkeley Rent Stabilization and Eviction for Good Cause Ordinance,D006,Annual General Adjustment capped at 5% (Measure BB),in_force,,in_force,,Measure BB (Nov 2024); Rent Ordinance (D006),"FLAGGED — resolved: status in_force; effective date = Measure BB certification (Dec 2024), fill if found, otherwise blank (pre-2025, no test impact). 1980 cutoff: Rent Board's own definition is 'certificate of occupancy after June 30, 1980' → year_built > 1980 exempt from the ceiling; year_built == 1980 → unknown; < 1980 → covered. Record that as an inference in the explanation. Also note separately-alienable units (single-family, condos) are exempt from the rent ceiling by Costa-Hawkins (Civ. Code § 1954.52) — that is why the chart says 'partially covered'."
r-0055,"Berkeley, CA",city,rent_increase_limits,Berkeley Mun. Code § 13.76.110A (Rent Board Regulation 1148),D008,Berkeley 2026 Annual General Adjustment (AGA) of 1.0%,in_force,2026-01-01,in_force,2026-01-01,D008,OK. Berkeley-level cap: with r-0054 this is what supersedes the state cap (r-0010) at Berkeley addresses.
r-0056,"Berkeley, CA",city,rent_increase_limits,Berkeley Rent Stabilization and Eviction for Just Cause Ordinance,D009,Berkeley rent control coverage by unit type,in_force,,in_force,,D009,"FLAGGED — resolved: same 1980-06-30 cutoff as r-0054; treat year_built 1980 as unknown. This record is coverage, not a rule — merge into r-0054/r-0055 coverage_conditions."
r-0057,"Berkeley, CA",city,screening_restrictions,Berkeley Mun. Code ch. 13.106,D003,Ronald V. Dellums Fair Chance Access to Housing Ordinance,in_force,,in_force,,BMC ch. 13.106 (D003),OK. Owner-occupied 1–3 unit exemption needs owner-occupancy → units >= 4 applies; units <= 3 unknown.
r-0058,"Berkeley, CA",city,security_deposits,Berkeley Rent Ordinance,D007,Annual interest on security deposits under Berkeley Rent Ordinance,in_force,,in_force,,D007,OK.
r-0059,"Boston, MA",city,just_cause_eviction,Boston City Ordinances § 10-11.7 (Housing Stability Notification Act),D013,Housing Stability Notification Act – Notice of Tenants' Rights and Resources,in_force,2020-11-06,in_force,,Boston Code § 10-11.7 (D013),"Status OK. Date: the ordinance passed Council in Dec 2020; keep your date only if it is the signing/effective date from boston.gov, otherwise blank. Explanation must say 'notice-of-rights requirement only — Boston has no just-cause law'."
r-0061,"Boston, MA",city,just_cause_eviction,"H.3744 (193rd General Court, 2023-2024)",D011,H.3744 home rule petition authorizing Boston tenant eviction protections (not enacted),failed,,failed,,H.3744 bill history (D011): 'Accompanied a study order' = killed in the 193rd session,OK. Check whether Boston refiled the home-rule petition in the 194th General Court (2025–26); if so add a second record with status 'pending'.
r-0062,"Boston, MA",city,rent_increase_limits,"H.3744 (193rd General Court, 2023-2024)",D011,H.3744 home rule petition authorizing Boston rent stabilization (not enacted),failed,,failed,,Same as r-0061,"OK. Even if refiled, M.G.L. c. 40P § 4 (r-0029) is why it needs state approval."
r-0063,"Boston, MA",city,screening_restrictions,Boston DND Fair Chance Tenant Selection Policy (February 2017),D010,Boston Fair Chance Tenant Selection Policy (criminal history screening),in_force,,in_force,,D010,"OK, but coverage is limited to DND-funded / IDP providers, which we cannot see from the address data → result 'unknown' for every Boston address, with the explanation saying why."
r-0064,"Boston, MA",city,screening_restrictions,Boston Fair Housing Regulations (Boston Fair Housing Commission; ordinance section not stated in document),D012,Boston fair housing ban on rental-assistance (source of income) discrimination,in_force,,in_force,,D012,"Weak span (it is an example sentence, not the rule). Replace with a sentence from the regulation text or drop; state law r-0032 already covers source of income."
r-0065,"Cambridge, MA",city,screening_restrictions,Cambridge Municipal Code ch. 14.04 (Cambridge Fair Housing Ordinance),D029,Cambridge Fair Housing Ordinance: source-of-income discrimination prohibited,in_force,,in_force,,Cambridge Mun. Code ch. 14.04 (D029),OK; owner-occupied 2-family exemption → unknown without owner-occupancy.
r-0066,"Hoboken, NJ",city,algorithmic_rent_setting,"Hoboken Code § 158-2 (ordinance adopted Jul 9, 2025; body heading reads § 154-8)",D034,Prohibition Against Algorithmic Rent-Fixing in the Rental Housing Market,in_force,2025-07-09,in_force,2025-07-29,"Hoboken ordinance adopted July 9, 2025 (D034); N.J.S.A. 40:49-2(b) / 40:69A-181(b): an ordinance takes effect 20 days after final passage and mayoral approval","FLAGGED — resolved: HOB-ALG-01. 'Immediately upon passage and publication' still runs through the 20-day rule in NJ, so use 2025-07-29 (20 days after 7/9/2025) and say 'publication date not seen'. Either date is before every test as-of date, so the result does not change. Codified number (§ 158-2 vs § 154-8): cite both as 'Hoboken Code § 158-2 (ordinance text headed § 154-8)' and verify on ecode360 — not test-affecting. Applies to every Hoboken address. From 2027-07-01 flag conflict with r-0035."
r-0067,"Hoboken, NJ",city,rent_increase_limits,"Hoboken Code § 155-31 (§§ 155-32, 155-34)",D032,Hoboken vacancy decontrol capped at 25%,in_force,,in_force,,"Hoboken Code § 155-31 (ecode360, D032/D033)","OK. Note the November 2024 referendum to change rent control was DEFEATED, so the ordinance is unchanged — add a separate 'failed' record for the referendum (useful as the NJ twin of T5). Cite the live code; hobokenmsta.com is a Feb 2024 mirror — say so in conflict_note if the span came from it."
r-0068,"Hoboken, NJ",city,rent_increase_limits,"Hoboken Code § 155-5 (Ord. No. C329, as amended by Ord. No. B-532)",D032,Hoboken rent control: annual increase capped at lesser of 5% or CPI,in_force,,in_force,,"Hoboken Code § 155-5, Ord. B-532 (Feb 1, 2023) (ecode360, D033)","CONFIRMED against the live ecode360 text: 'greater than 5% or the percentage difference between the consumer price index … whichever is less'; one cost-of-living increase per 12 months regardless of tenant changes. Fix source to D033 (live code); hobokenmsta.com PDF is a mirror. Coverage predicates: new construction exempt per r-0040 (30 years, filing required → unknown); no unit-count threshold appears in the quoted text — confirm against § 155-1 definitions before assuming 1–4 unit buildings are covered."
r-0069,"Hoboken, NJ",city,rent_increase_limits,Hoboken Mun. Code ch. 155,D033,Hoboken rent control: annual registration and proof of rent required for allowable rent increases,in_force,,in_force,,D033 (city news page),Not a rule — it is the registration/proof condition for r-0068. Merge into r-0068's exemptions/conditions or drop (confidence 0.55).
r-0070,"Jersey City, NJ",city,algorithmic_rent_setting,Jersey City Code § 218-12 (Ord. 25-057),D035,Preventing Algorithmic Rent-Fixing in the Rental Housing Market,in_force,,in_force,,"Jersey City Ord. 25-057, Code § 218-12 (D035)","JC-ALG-01. Effective date missing: take the adoption date from the ordinance PDF (last page) and add 20 days (N.J.S.A. 40:69A-181(b)). It is 2025, so in force on every test date; flag conflict with r-0035 from 2027-07-01. Applies to every Jersey City address."
r-0071,"Jersey City, NJ",city,rent_increase_limits,Jersey City Mun. Code ch. 260,D036,Jersey City Rent Control Ordinance (Chapter 260),in_force,,in_force,,Jersey City Code ch. 260 (D036),OK. Predicate units >= 5 (1–4 exempt); units unknown → unknown. Add the state 30-year new-construction exemption (r-0040) → buildings completed within 30 years → unknown.
r-0080,"Newark, NJ",city,rent_increase_limits,"Newark Mun. Code § 19:2-3 (Ord. 6 PSF-A(S), 9-5-17)",D070,Newark rent control annual increase cap (max 4%),in_force,2017-09-05,in_force,2017-09-05,Newark Code § 19:2-3 (D070),OK. Coverage thresholds not on the page → unknown for owner-occupied/small buildings; say so.
r-0072,"Los Angeles, CA",city,just_cause_eviction,LAMC § 151.09 (§ 151.09.C.9; § 165.05.B.5),D041,RSO legal reasons for eviction and relocation assistance,in_force,,in_force,,LAMC § 151.09 (D041),"OK. RSO coverage = certificate of occupancy before Oct 1, 1978 → year_built < 1978 covered; 1978 unknown; > 1978 not covered (then JCO r-0074 applies instead)."
r-0073,"Los Angeles, CA",city,just_cause_eviction,"LAMC § 151.09.G (RSO); LAMC § 165.06 (JCO) (see also LAMC §§ 151.09.A, 165.03, 151.30, 47.06-47.07; RAC Regulations § 960.00)",D043,Relocation assistance and LAHD filing for no-fault evictions under the RSO and JCO,in_force,2026-07-01,in_force,2026-07-01,LAMC § 151.09.G / § 165.06; LAHD Bulletins A & B (D043),"FLAGGED — resolved: keep 2026-07-01 as the date of the FY 2026-27 AMOUNTS and say in the note that the obligation itself is older (RSO 1979; JCO 2023-01-27). Bulletin A's chart (July 1, 2026–June 30, 2027) is the current one; Bulletin B's label (2025-26) is the prior year. '3 days' vs '3 business days': use '3 business days' (the more specific text) and keep the discrepancy in conflict_note. Not test-affecting."
r-0074,"Los Angeles, CA",city,just_cause_eviction,Los Angeles Just Cause Ordinance (JCO),D040,Los Angeles Just Cause for Eviction Ordinance (JCO),in_force,2023-03-27,in_force,2023-01-27,"LAHD JCO page (D040): JCO, Ord. No. 187737, effective Jan 27, 2023","Effective date wrong: 2023-03-27 is the date of the one-month-FMR nonpayment threshold (the page says 'Effective March 27, 2023, landlords may not evict a tenant who falls behind…'). The JCO itself took effect Jan 27, 2023 (the page's 'Notice of Renters' Protections … on or after January 27, 2023'). Pre-2025, cosmetic."
r-0075,"Los Angeles, CA",city,just_cause_eviction,Ord. No. 188481 and Ord. No. 188482 (Resident Protections Ordinance); LAMC § 165.03.I(1); LAMC §§ 151.22-151.28,D043,Resident Protections Ordinance relocation for demolition of Protected Units for new construction,in_force,2025-02-11,in_force,2025-02-11,D043,OK (hedged: verify the ordinance effective date on the LA City Clerk page).
r-0076,"Los Angeles, CA",city,rent_increase_limits,Los Angeles Rent Stabilization Ordinance (L.A. Mun. Code ch. XV),D044,Rent Stabilization Ordinance coverage (pre-October 1978 certificate of occupancy),in_force,,in_force,,D044,"Not a rule — it is RSO coverage (CO before Oct 1, 1978) taken from a deposit-interest bulletin; span is garbled ('intere st'). Fold into r-0077's coverage_conditions and drop."
r-0077,"Los Angeles, CA",city,rent_increase_limits,Los Angeles Rent Stabilization Ordinance (LAMC Chapter XV; replacement units LAMC § 151.28),D041,Rent Stabilization Ordinance (RSO) annual allowable rent increase,in_force,,in_force,,LAMC ch. XV (D041),OK. Local cap → state cap r-0010 'superseded' at RSO addresses.
r-0078,"Los Angeles, CA",city,rent_increase_limits,Los Angeles Rent Stabilization Ordinance (RSO),D042,RSO: no additional percentage increase for utilities,in_force,2026-02-02,in_force,2026-02-02,LAHD RSO calculator page (D042),FLAGGED — resolved: use 2026-02-02 (the specific operative date on the LAHD page). 2025-07-01 is only the start of the annual allowable-increase year. Not test-affecting.
r-0079,"Los Angeles, CA",city,security_deposits,L.A. Mun. Code § 151.06.02 (Ord. No. 175020; Ord. No. 166368; Ord. No. 174017),D044,Interest on security deposits for RSO units,in_force,2004-01-01,in_force,,LAMC § 151.06.02 (D044),OK; key_value 3.03% is the 2026 rate.
r-0082,"San Diego, CA",city,algorithmic_rent_setting,"San Diego Mun. Code § 98.1103 (O-21955 N.S.; see also §§ 98.1102, 98.1104)",D074,Prohibition of anti-competitive automated rent price-fixing (algorithmic devices),in_force,2025-06-21,in_force,2025-06-21,"SDMC § 98.1103, O-21955 (D074)",OK (plausible: 30 days after adoption; verify on the ordinance's last page).
r-0083,"San Diego, CA",city,just_cause_eviction,"San Diego Mun. Code § 98.0704 (Ord. O-21647 N.S., amended by O-21769 N.S.)",D073,San Diego Residential Tenant Protections: just cause required to terminate a tenancy,in_force,2023-06-24,in_force,2023-06-24,SDMC § 98.0704 (D073),OK. Same rolling 15-year CO exemption as the state rule; local supersedes r-0007 at San Diego addresses.
r-0084,"San Diego, CA",city,just_cause_eviction,San Diego Mun. Code § 98.0706(c) (Ord. O-21647 N.S.),D073,San Diego relocation assistance for no-fault terminations,in_force,2023-06-24,in_force,2023-06-24,SDMC § 98.0706(c) (D073),OK.
r-0085,"San Diego, CA",city,screening_restrictions,San Diego Mun. Code § 98.0803 (O-20986 N.S.; §§ 98.0801-98.0806),D075,Prohibition of discrimination based on a tenant's source of income (including housing vouchers and rental assistance),in_force,2018-10-18,in_force,2018-10-18,SDMC § 98.0803 (D075),OK.
r-0086,"San Francisco, CA",city,algorithmic_rent_setting,S.F. Admin. Code § 37.10C,D081,Ban on algorithmic devices to set rents or manage occupancy,in_force,2024-10-14,in_force,2024-10-14,"S.F. Admin. Code § 37.10C (D081, city news page)",OK (verify against the ordinance; pre-2025 so cosmetic). Applies to every SF address.
r-0087,"San Francisco, CA",city,just_cause_eviction,S.F. Admin. Code § 37.9(a),D079,Just cause required to evict tenants in units covered by the Rent Ordinance,in_force,,in_force,,S.F. Admin. Code § 37.9(a) (D079),OK. Local supersedes r-0007 at SF addresses.
r-0088,"San Francisco, CA",city,just_cause_eviction,S.F. Admin. Code § 37.9A (Rent Ordinance Section 37.9A),D083,Relocation payments for Ellis Act evictions,in_force,2026-03-01,in_force,2026-03-01,§ 37.9A (D083),OK. Duplicate of r-0090 — merge.
r-0089,"San Francisco, CA",city,just_cause_eviction,S.F. Admin. Code § 37.9C (Rent Ordinance Section 37.9C),D083,"Relocation payments for owner/relative move-in, demolition/removal, temporary capital improvement, or substantial rehabilitation evictions",in_force,2026-03-01,in_force,2026-03-01,§ 37.9C (D083),OK.
r-0090,"San Francisco, CA",city,just_cause_eviction,S.F. Rent Ordinance (Ellis Act relocation payments),D082,Relocation payments for Ellis Act evictions,in_force,2026-03-01,in_force,2026-03-01,D082,Duplicate of r-0088. Merge.
r-0091,"San Francisco, CA",city,rent_increase_limits,S.F. Admin. Code § 37.3,D080,"Annual allowable rent increase for rent-controlled units, March 1, 2026 – February 28, 2027",in_force,2026-03-01,in_force,2026-03-01,§ 37.3 (D080),"OK. Coverage: rent control = units with a certificate of occupancy before June 13, 1979 → year_built < 1979 covered; 1979 unknown; > 1979 not covered; single-family/condos exempt (Costa-Hawkins). Local supersedes r-0010 at covered SF addresses."
r-0092,"San Francisco, CA",city,rent_increase_limits,"San Francisco Rent Ordinance (S.F. Rent Board allowable annual increase, Form 571)",D083,"Allowable annual rent increase, March 1, 2026 – February 28, 2027",in_force,2026-03-01,in_force,2026-03-01,D083,Duplicate of r-0091. Merge.
r-0093,"San Francisco, CA",city,screening_restrictions,San Francisco Fair Chance Ordinance,D078,Fair Chance Ordinance – criminal history in affordable housing decisions,in_force,,in_force,,D078,OK but affordable housing only → 'unknown' for most addresses.
r-0094,"Santa Ana, CA",city,algorithmic_rent_setting,"Santa Ana algorithmic rent-setting ordinance (adopted March 3, 2026; ordinance number not stated)",D086,Ban on certain algorithmic rent-setting software,in_force,,in_force,,"Santa Ana newsletter (D086): adopted March 3, 2026","Effective date missing: a CA city ordinance takes effect 30 days after its final (second-reading) adoption (Gov. Code § 36937). If March 3 was the second reading → ~2026-04-02; if first reading, ~mid/late April. Either way in force on 2026-10-01. Find the ordinance number on the city's legislative page."
r-0096,"Santa Ana, CA",city,just_cause_eviction,Santa Ana Just Cause Eviction Ordinance,D085,Santa Ana Just Cause Eviction Ordinance,in_force,2021-11-19,in_force,2021-11-19,D085,OK. Rolling 15-year new-construction exemption as in r-0007; local supersedes state at Santa Ana addresses.
r-0097,"Santa Ana, CA",city,just_cause_eviction,Santa Ana Rent Stabilization and Just Cause Eviction Ordinance,D084,Santa Ana just cause eviction and relocation assistance,in_force,,in_force,,D084,Duplicate of r-0096 (secondary page). Merge.
r-0098,"Santa Ana, CA",city,rent_increase_limits,Santa Ana Rent Stabilization and Just Cause Eviction Ordinance,D084,Santa Ana annual rent increase cap,in_force,,in_force,,D084,Duplicate of r-0099 with the 2026-27 figure (2.87%). Merge: keep r-0099 as the rule and put 2.87% in key_value.
r-0099,"Santa Ana, CA",city,rent_increase_limits,Santa Ana Rent Stabilization Ordinance,D085,Santa Ana Rent Stabilization Ordinance – annual rent increase cap,in_force,2021-11-19,in_force,2021-11-19,D085,"OK. Coverage: built on or before Feb 1, 1995 → year_built < 1995 covered; 1995 unknown; > 1995 exempt. Local supersedes r-0010."
