check_first,address_id,street_address,mailing_city,state,zip,legal_city_we_found,county,how_we_found_it,census_matched_address,year_built,units,use_description,your_legal_city,your_note
YES,A0071,14.5-16 Vandine St,Cambridge,MA,,Cambridge,,NO MATCH: we used the mailing city,,1900,5,4-8-UNIT-APT,,
YES,A0098,WILLOWWOOD ST,Dorchester,MA,02124,Boston,,NO MATCH: we used the mailing city,,,,SUBSD HOUSING S- 8,,
YES,A0128,Harvard ST,Dorchester,MA,02124,Boston,,NO MATCH: we used the mailing city,,,,SUBSD HOUSING S- 8,,
YES,A0242,85-87 SIERRA RD,Hyde Park,MA,02136,Boston,,NO MATCH: we used the mailing city,,1960,,APT 7-30 UNITS,,
YES,A0295,Harvard ST LOT 2A-13,Dorchester,MA,02124,Boston,,NO MATCH: we used the mailing city,,2019,,SUBSD HOUSING S- 8,,
YES,A0344,238 & 242 GARFIELD AVE.,Jersey City,NJ,07304,Jersey City,,NO MATCH: we used the mailing city,,1928,,4S-B-44U,,
YES,A0346,AUBURN DR,San Diego,CA,92105,San Diego,,NO MATCH: we used the mailing city,,,8,SANDAG asr_landuse 14-16 (5+ units),,
YES,A0376,ST JAMES ST,Roxbury,MA,02119,Boston,,NO MATCH: we used the mailing city,,,,SUBSD HOUSING S- 8,,
YES,A0380,GREENVILLE ST,Roxbury,MA,02119,Boston,,NO MATCH: we used the mailing city,,,,SUBSD HOUSING S- 8,,
YES,A0384,21 GUERRERO ST,San Francisco,CA,,San Francisco,,NO MATCH: we used the mailing city,,1925,7,Apartment 5 to 14 Units,,
YES,A0036,33 WARD ST,South Boston,MA,02127,Boston,Suffolk County,Census geocoder matched the street address,"33 WARD ST, SOUTH BOSTON, MA, 02127",2019,,APT 7-30 UNITS,,
YES,A0048,1619 COMMONWEALTH AV,Brighton,MA,02135,Boston,Suffolk County,Census geocoder matched the street address,"1619 COMMONWEALTH AVE, BRIGHTON, MA, 02135",1899,,APT 7-30 UNITS,,
YES,A0052,88 Gardner ST,Allston,MA,02134,Boston,Suffolk County,Census geocoder matched the street address,"88 GARDNER ST, ALLSTON, MA, 02134",1965,,APT 7-30 UNITS,,
YES,A0054,13 Shetland ST,Roxbury,MA,02119,Boston,Suffolk County,Census geocoder matched the street address,"13 SHETLAND ST, ROXBURY, MA, 02119",2020,,APT 7-30 UNITS,,
YES,A0065,63 Bailey ST,Dorchester,MA,02124,Boston,Suffolk County,Census geocoder matched the street address,"63 BAILEY ST, DORCHESTER, MA, 02124",,,LUXURY APARTMENT,,
YES,A0083,38 KENILWORTH ST,Roxbury,MA,02119,Boston,Suffolk County,Census geocoder matched the street address,"38 KENILWORTH ST, ROXBURY, MA, 02119",1890,,SUBSD HOUSING S- 8,,
YES,A0093,90 BICKFORD ST,Jamaica Plain,MA,02130,Boston,Suffolk County,Census geocoder matched the street address,"90 BICKFORD ST, JAMAICA PLAIN, MA, 02130",2004,,ELDERLY HOME,,
YES,A0118,18-34 KINGBIRD RD,Dorchester,MA,02124,Boston,Suffolk County,Census geocoder matched the street address,"18 KINGBIRD RD, DORCHESTER, MA, 02124",2009,,SUBSD HOUSING S- 8,,
YES,A0123,123 Condor ST,East Boston,MA,02128,Boston,Suffolk County,Census geocoder matched the street address,"123 CONDOR ST, EAST BOSTON, MA, 02128",2013,,SUBSD HOUSING S- 8,,
YES,A0134,101 Norfolk ST,Dorchester,MA,02124,Boston,Suffolk County,Census geocoder matched the street address,"101 NORFOLK ST, DORCHESTER, MA, 02124",1899,,SUBSD HOUSING S- 8,,
YES,A0143,75 ELM HILL AV,Dorchester,MA,02121,Boston,Suffolk County,Census geocoder matched the street address,"75 ELM HILL AVE, DORCHESTER, MA, 02121",,,SUBSD HOUSING S- 8,,
YES,A0144,112-114 Amory ST,Roxbury,MA,02119,Boston,Suffolk County,Census geocoder matched the street address,"112 AMORY ST, ROXBURY, MA, 02119",1910,,APT 7-30 UNITS,,
YES,A0149,25 Everett ST,East Boston,MA,02128,Boston,Suffolk County,Census geocoder matched the street address,"25 EVERETT ST, EAST BOSTON, MA, 02128",2023,,LUXURY APARTMENT,,
YES,A0155,473 Harvard ST,Dorchester,MA,02124,Boston,Suffolk County,Census geocoder matched the street address,"473 HARVARD ST, DORCHESTER, MA, 02124",,,SUBSD HOUSING S- 8,,
YES,A0169,115 KILSYTH RD,Brighton,MA,02135,Boston,Suffolk County,Census geocoder matched the street address,"115 KILSYTH RD, BRIGHTON, MA, 02135",1920,,APT 7-30 UNITS,,
YES,A0195,1850-1848 COMMONWEALTH AV,Brighton,MA,02135,Boston,Suffolk County,Census geocoder matched the street address,"1850 COMMONWEALTH AVE, BRIGHTON, MA, 02135",1910,,APT 7-30 UNITS,,
YES,A0198,194 Havre ST,East Boston,MA,02128,Boston,Suffolk County,Census geocoder matched the street address,"194 HAVRE ST, EAST BOSTON, MA, 02128",2019,,APT 7-30 UNITS,,
YES,A0203,2986-2930 Washington ST,Roxbury,MA,02119,Boston,Suffolk County,Census geocoder matched the street address,"2986 WASHINGTON ST, ROXBURY, MA, 02119",2002,,SUBSD HOUSING S- 8,,
YES,A0217,170-172 Maverick ST,East Boston,MA,02128,Boston,Suffolk County,Census geocoder matched the street address,"170 MAVERICK ST, EAST BOSTON, MA, 02128",2011,,SUBSD HOUSING S- 8,,
YES,A0220,21-23 Faulkner ST,Dorchester,MA,02122,Boston,Suffolk County,Census geocoder matched the street address,"21 FAULKNER ST, DORCHESTER, MA, 02122",1900,,SUBSD HOUSING S- 8,,
YES,A0245,30 WEST HOWELL ST M-D,Dorchester,MA,02125,Boston,Suffolk County,Census geocoder matched the street address,"30 W HOWELL ST, DORCHESTER, MA, 02125",2018,,LUXURY APARTMENT,,
YES,A0258,471 COLUMBIA RD,Dorchester,MA,02125,Boston,Suffolk County,Census geocoder matched the street address,"471 COLUMBIA RD, DORCHESTER, MA, 02125",1930,,SUBSD HOUSING S- 8,,
YES,A0310,53-55 Ashford ST,Allston,MA,02134,Boston,Suffolk County,Census geocoder matched the street address,"53 ASHFORD ST, ALLSTON, MA, 02134",1900,,APT 7-30 UNITS,,
YES,A0312,25 ORLANDO ST,Mattapan,MA,02126,Boston,Suffolk County,Census geocoder matched the street address,"25 ORLANDO ST, MATTAPAN, MA, 02126",1965,,SUBSD HOUSING S- 8,,
YES,A0322,227 CYPRESS DR,San Ysidro,CA,92173,San Diego,San Diego County,Census geocoder matched the street address,"227 CYPRESS DR, SAN YSIDRO, CA, 92173",,31,SANDAG asr_landuse 14-16 (5+ units),,
YES,A0332,26 SONOMA ST,Dorchester,MA,02121,Boston,Suffolk County,Census geocoder matched the street address,"26 SONOMA ST, DORCHESTER, MA, 02121",,,SUBSD HOUSING S- 8,,
YES,A0354,73 LUBEC ST,East Boston,MA,02128,Boston,Suffolk County,Census geocoder matched the street address,"73 LUBEC ST, EAST BOSTON, MA, 02128",1899,,APT 7-30 UNITS,,
YES,A0356,16 Brainerd RD,Allston,MA,02134,Boston,Suffolk County,Census geocoder matched the street address,"16 BRAINERD RD, ALLSTON, MA, 02134",1930,,APT 7-30 UNITS,,
YES,A0366,230 Everett ST,East Boston,MA,02128,Boston,Suffolk County,Census geocoder matched the street address,"230 EVERETT ST, EAST BOSTON, MA, 02128",2024,,LUXURY APARTMENT,,
YES,A0423,10 CAMELOT CT,Brighton,MA,02135,Boston,Suffolk County,Census geocoder matched the street address,"10 CAMELOT CT, BRIGHTON, MA, 02135",1965,,APT 7-30 UNITS,,
YES,A0463,4 BEECHWOOD ST,Dorchester,MA,02121,Boston,Suffolk County,Census geocoder matched the street address,"4 BEECHWOOD ST, DORCHESTER, MA, 02121",2007,,SUBSD HOUSING S- 8,,
YES,A0464,2-98 DABNEY ST,Roxbury,MA,02119,Boston,Suffolk County,Census geocoder matched the street address,"2 DABNEY ST, ROXBURY, MA, 02119",1966,,SUBSD HOUSING S- 8,,
,A0001,6238 DE LONGPRE AVE,Los Angeles,CA,90028,Los Angeles,Los Angeles County,Census geocoder matched the street address,"6238 DE LONGPRE AVE, LOS ANGELES, CA, 90028",1927,32,Five or more apartments,,
,A0002,1031-1035 CLINTON ST,Hoboken,NJ,07030,Hoboken,Hudson County,Census geocoder matched the street address,"1031 CLINTON ST, HOBOKEN, NJ, 07030",2001,,6B-20U-G,,
,A0003,876-878 S 14TH ST,Newark,NJ,11219,Newark,Essex County,Census geocoder matched the street address,"876 S 14TH ST, NEWARK, NJ, 07108",,,4SB,,
,A0004,10050 MOUNTAIR AVE,Los Angeles,CA,91042,Los Angeles,Los Angeles County,Census geocoder matched the street address,"10050 MOUNTAIR AVE, TUJUNGA, CA, 91042",1964,39,Five or more apartments,,
,A0005,1609 ADDISON ST,Berkeley,CA,94703,Berkeley,Alameda County,Census geocoder matched the street address,"1609 ADDISON ST, BERKELEY, CA, 94703",,,Alameda County use code (5+ units),,
,A0006,69-71 WESTLAND AV,Boston,MA,02115,Boston,Suffolk County,Census geocoder matched the street address,"69 WESTLAND AVE, BOSTON, MA, 02115",1900,,SUBSD HOUSING S- 8,,
,A0007,4257 SAN PEDRO PL,Los Angeles,CA,90011,Los Angeles,Los Angeles County,Census geocoder matched the street address,"4257 SAN PEDRO PL, LOS ANGELES, CA, 90011",1913,6,Five or more apartments,,
,A0008,1065 SUMMIT AVENUE,Jersey City,NJ,78746,Jersey City,Hudson County,Census geocoder matched the street address,"1065 SUMMIT AVE, JERSEY CITY, NJ, 07307",,,10S-B-A-151U-HE,,
,A0009,322-322.5 Western Ave,Cambridge,MA,,Cambridge,Middlesex County,Census geocoder matched the street address,"322 WESTERN AVE, CAMBRIDGE, MA, 02139",1915,6,4-8-UNIT-APT,,
,A0010,134 Oxford St,Cambridge,MA,,Cambridge,Middlesex County,Census geocoder matched the street address,"134 OXFORD ST, CAMBRIDGE, MA, 02140",1915,6,4-8-UNIT-APT,,
,A0011,834-836 RAYMOND BLVD,Newark,NJ,08805,Newark,Essex County,Census geocoder matched the street address,"834 RAYMOND BLVD, NEWARK, NJ, 07105",,,3S.F.,,
,A0012,1064 SUMMIT AVE.,Jersey City,NJ,07728,Jersey City,Hudson County,Census geocoder matched the street address,"1064 SUMMIT AVE, JERSEY CITY, NJ, 07307",1900,,3S-F-D-6U,,
,A0013,137 N 11TH ST,Newark,NJ,07107,Newark,Essex County,Census geocoder matched the street address,"137 N 11TH ST, NEWARK, NJ, 07107",,,3SF,,
,A0014,5907 CAHUENGA BLVD,Los Angeles,CA,91601,Los Angeles,Los Angeles County,Census geocoder matched the street address,"5907 CAHUENGA BLVD, NORTH HOLLYWOOD, CA, 91601",1947,7,Five or more apartments,,
,A0015,15 Everett St,Cambridge,MA,,Cambridge,Middlesex County,Census geocoder matched the street address,"15 EVERETT ST, CAMBRIDGE, MA, 02138",1930,83,>8-UNIT-APT,,
,A0016,3515 FILLMORE ST,San Francisco,CA,,San Francisco,San Francisco County,Census geocoder matched the street address,"3515 FILLMORE ST, SAN FRANCISCO, CA, 94123",1926,21,Apartment 15 Units or more,,
,A0017,225 DUNCAN AVE.,Jersey City,NJ,10949,Jersey City,Hudson County,Census geocoder matched the street address,"225 DUNCAN AVE, JERSEY CITY, NJ, 07306",,,3S-F-D-6U-NH,,
,A0018,1906 BONITA AVE,Berkeley,CA,94704,Berkeley,Alameda County,Census geocoder matched the street address,"1906 BONITA AVE, BERKELEY, CA, 94704",,,Alameda County use code (5+ units),,
,A0019,3820 HAINES ST,San Diego,CA,92109,San Diego,San Diego County,Census geocoder matched the street address,"3820 HAINES ST, SAN DIEGO, CA, 92109",,16,SANDAG asr_landuse 14-16 (5+ units),,
,A0020,646-648 N 6TH ST,Newark,NJ,07083,Newark,Essex County,Census geocoder matched the street address,"646 N 6TH ST, NEWARK, NJ, 07107",,,Apartments (class 4C),,
,A0021,22 PRECITA AV,San Francisco,CA,,San Francisco,San Francisco County,Census geocoder matched the street address,"22 PRECITA AVE, SAN FRANCISCO, CA, 94110",1963,6,Apartment 5 to 14 Units,,
,A0022,10908 HARTSOOK ST,Los Angeles,CA,91601,Los Angeles,Los Angeles County,Census geocoder matched the street address,"10908 HARTSOOK ST, NORTH HOLLYWOOD, CA, 91601",2012,5,Five or more apartments,,
,A0023,843 IROLO ST,Los Angeles,CA,90005,Los Angeles,Los Angeles County,Census geocoder matched the street address,"843 IROLO ST, LOS ANGELES, CA, 90005",1987,33,Five or more apartments,,
,A0024,227 Charles St,Cambridge,MA,,Cambridge,Middlesex County,Census geocoder matched the street address,"227 CHARLES ST, CAMBRIDGE, MA, 02141",1920,6,4-8-UNIT-APT,,
,A0025,2341 8TH ST,Berkeley,CA,94710,Berkeley,Alameda County,Census geocoder matched the street address,"2341 8TH ST, BERKELEY, CA, 94710",,,Alameda County use code (5+ units),,
,A0026,59 OAK ST.,Jersey City,NJ,07306,Jersey City,Hudson County,Census geocoder matched the street address,"59 OAK ST, JERSEY CITY, NJ, 07304",1901,,4S-B-D-8U-NH,,
,A0027,3918 FULTON ST,San Francisco,CA,,San Francisco,San Francisco County,Census geocoder matched the street address,"3918 FULTON ST, SAN FRANCISCO, CA, 94118",1923,6,Apartment 5 to 14 Units,,
,A0028,585 5TH ST,Newark,NJ,07107,Newark,Essex County,Census geocoder matched the street address,"585 N 5TH ST, NEWARK, NJ, 07107",,,3SF3UG,,
,A0029,280-284 VERONA AVE,Newark,NJ,07653,Newark,Essex County,Census geocoder matched the street address,"280 VERONA AVE, NEWARK, NJ, 07104",,,4SB,,
,A0030,2051 DIVISADERO ST,San Francisco,CA,,San Francisco,San Francisco County,Census geocoder matched the street address,"2051 DIVISADERO ST, SAN FRANCISCO, CA, 94115",1908,5,Flat & Store 5 to 14 units,,
,A0031,5624 S SAN PEDRO ST,Los Angeles,CA,90011,Los Angeles,Los Angeles County,Census geocoder matched the street address,"5624 S SAN PEDRO ST, LOS ANGELES, CA, 90011",1911,5,Five or more apartments,,
,A0032,63 OAK ST.,Jersey City,NJ,08820,Jersey City,Hudson County,Census geocoder matched the street address,"63 OAK ST, JERSEY CITY, NJ, 07304",,,4S-B-D-8U-NH,,
,A0033,1260 KEARNY ST,San Francisco,CA,,San Francisco,San Francisco County,Census geocoder matched the street address,"1260 KEARNY ST, SAN FRANCISCO, CA, 94133",1910,5,Apartment 5 to 14 Units,,
,A0034,25 Gore St,Cambridge,MA,,Cambridge,Middlesex County,Census geocoder matched the street address,"25 GORE ST, CAMBRIDGE, MA, 02141",1886,6,4-8-UNIT-APT,,
,A0035,5239 HARMONY AVE,Los Angeles,CA,91601,Los Angeles,Los Angeles County,Census geocoder matched the street address,"5239 HARMONY AVE, NORTH HOLLYWOOD, CA, 91601",1997,14,Five or more apartments,,
,A0037,770 IROLO ST,Los Angeles,CA,90005,Los Angeles,Los Angeles County,Census geocoder matched the street address,"770 IROLO ST, LOS ANGELES, CA, 90005",2001,47,Five or more apartments,,
,A0038,154 YUKON ST,San Francisco,CA,,San Francisco,San Francisco County,Census geocoder matched the street address,"154 YUKON ST, SAN FRANCISCO, CA, 94114",1908,5,Apartment 5 to 14 Units,,
,A0039,1 Craigie St,Cambridge,MA,,Cambridge,Middlesex County,Census geocoder matched the street address,"1 CRAIGIE ST, CAMBRIDGE, MA, 02138",1910,32,>8-UNIT-APT,,
,A0040,69-75 JACKSON ST,Hoboken,NJ,07030,Hoboken,Hudson County,Census geocoder matched the street address,"69 JACKSON ST, HOBOKEN, NJ, 07030",,,3B-7U/4B-24U-G,,
,A0041,122 TIFFANY AV,San Francisco,CA,,San Francisco,San Francisco County,Census geocoder matched the street address,"122 TIFFANY AVE, SAN FRANCISCO, CA, 94110",1900,15,Apartment 5 to 14 Units,,
,A0042,320 FORREST ST.,Jersey City,NJ,07304,Jersey City,Hudson County,Census geocoder matched the street address,"320 FORREST ST, JERSEY CITY, NJ, 07304",1912,,2S-B-A-6U,,
,A0043,4 Orchard St,Cambridge,MA,,Cambridge,Middlesex County,Census geocoder matched the street address,"4 ORCHARD ST, CAMBRIDGE, MA, 02140",1920,6,4-8-UNIT-APT,,
,A0044,773-775 SANDFORD AVE,Newark,NJ,11211,Newark,Essex County,Census geocoder matched the street address,"773 SANDFORD AVE, NEWARK, NJ, 07106",,,3SB,,
,A0045,12829 BRANFORD ST,Los Angeles,CA,91331,Los Angeles,Los Angeles County,Census geocoder matched the street address,"12829 BRANFORD ST, PACOIMA, CA, 91331",1987,65,Five or more apartments,,
,A0046,8-12 Soden St,Cambridge,MA,,Cambridge,Middlesex County,Census geocoder matched the street address,"8 SODEN ST, CAMBRIDGE, MA, 02139",1975,44,>8-UNIT-APT,,
,A0047,14 RUTGERS AVE.,Jersey City,NJ,07304,Jersey City,Hudson County,Census geocoder matched the street address,"14 RUTGERS AVE, JERSEY CITY, NJ, 07305",1913,,3S-B-D-6U-H,,
,A0049,721 CLINTON ST,Hoboken,NJ,07856,Hoboken,Hudson County,Census geocoder matched the street address,"721 CLINTON ST, HOBOKEN, NJ, 07030",,,3S-6U-AFFORDABL,,
,A0050,36 HOFF ST,San Francisco,CA,,San Francisco,San Francisco County,Census geocoder matched the street address,"36 HOFF ST, SAN FRANCISCO, CA, 94110",1986,49,Apartment 15 Units or more,,
,A0051,65 OAKLAND AVE.,Jersey City,NJ,07423,Jersey City,Hudson County,Census geocoder matched the street address,"65 OAKLAND AVE, JERSEY CITY, NJ, 07306",,,3S+BT-F-6U,,
,A0053,32 Garrison ST,Boston,MA,02116,Boston,Suffolk County,Census geocoder matched the street address,"32 GARRISON ST, BOSTON, MA, 02116",1990,,LUXURY APARTMENT,,
,A0055,305 10TH AV,San Francisco,CA,,San Francisco,San Francisco County,Census geocoder matched the street address,"305 10TH AVE, SAN FRANCISCO, CA, 94118",1963,6,Apartment 5 to 14 Units,,
,A0056,41-43 Edgerly RD,Boston,MA,02115,Boston,Suffolk County,Census geocoder matched the street address,"41 EDGERLY RD, BOSTON, MA, 02115",1920,,APT 7-30 UNITS,,
,A0057,57 STONE ST,Newark,NJ,07012,Newark,Essex County,Census geocoder matched the street address,"57 STONE ST, NEWARK, NJ, 07104",,,4SB,,
,A0058,3137 BOSTON AVE,San Diego,CA,92113,San Diego,San Diego County,Census geocoder matched the street address,"3137 BOSTON AVE, SAN DIEGO, CA, 92113",,7,SANDAG asr_landuse 14-16 (5+ units),,
,A0059,84-86 WALNUT ST,Newark,NJ,07078,Newark,Essex County,Census geocoder matched the street address,"84 WALNUT ST, NEWARK, NJ, 07102",,,1SCB,,
,A0060,5737 WILLOWCREST AVE,Los Angeles,CA,91601,Los Angeles,Los Angeles County,Census geocoder matched the street address,"5737 WILLOWCREST AVE, NORTH HOLLYWOOD, CA, 91601",1962,8,Five or more apartments,,
,A0061,106 18TH AV,San Francisco,CA,,San Francisco,San Francisco County,Census geocoder matched the street address,"106 18TH AVE, SAN FRANCISCO, CA, 94121",1915,5,Apartment 5 to 14 Units,,
,A0062,77 HOFF ST,San Francisco,CA,,San Francisco,San Francisco County,Census geocoder matched the street address,"77 HOFF ST, SAN FRANCISCO, CA, 94110",1906,6,Apartment 5 to 14 Units,,
,A0063,11 Cortes ST,Boston,MA,02116,Boston,Suffolk County,Census geocoder matched the street address,"11 CORTES ST, BOSTON, MA, 02116",1899,,APT 7-30 UNITS,,
,A0064,24-26 Concord Ave,Cambridge,MA,,Cambridge,Middlesex County,Census geocoder matched the street address,"24 CONCORD AVE, CAMBRIDGE, MA, 02138",1890,84,>8-UNIT-APT,,
,A0066,1318 N ORANGE DR,Los Angeles,CA,90028,Los Angeles,Los Angeles County,Census geocoder matched the street address,"1318 N ORANGE DR, LOS ANGELES, CA, 90028",1988,36,Five or more apartments,,
,A0067,1335 N VISTA ST,Los Angeles,CA,90046,Los Angeles,Los Angeles County,Census geocoder matched the street address,"1335 N VISTA ST, LOS ANGELES, CA, 90046",1954,8,Five or more apartments,,
,A0068,40-42 Clearway ST,Boston,MA,02115,Boston,Suffolk County,Census geocoder matched the street address,"40 CLEARWAY ST, BOSTON, MA, 02115",1920,,APT 7-30 UNITS,,
,A0069,2277 UNION ST,San Francisco,CA,,San Francisco,San Francisco County,Census geocoder matched the street address,"2277 UNION ST, SAN FRANCISCO, CA, 94123",1900,7,Flat & Store 5 to 14 units,,
,A0070,43 Fayette St,Cambridge,MA,,Cambridge,Middlesex County,Census geocoder matched the street address,"43 FAYETTE ST, CAMBRIDGE, MA, 02139",1910,7,4-8-UNIT-APT,,
,A0072,1251 10TH AV,San Francisco,CA,,San Francisco,San Francisco County,Census geocoder matched the street address,"1251 10TH AVE, SAN FRANCISCO, CA, 94122",1973,6,Apartment 5 to 14 Units,,
,A0073,35-37 Inman St,Cambridge,MA,,Cambridge,Middlesex County,Census geocoder matched the street address,"35 INMAN ST, CAMBRIDGE, MA, 02139",1900,6,4-8-UNIT-APT,,
,A0074,717 S BERENDO ST,Los Angeles,CA,90005,Los Angeles,Los Angeles County,Census geocoder matched the street address,"717 S BERENDO ST, LOS ANGELES, CA, 90005",1963,34,Five or more apartments,,
,A0075,27 Everett St,Cambridge,MA,,Cambridge,Middlesex County,Census geocoder matched the street address,"27 EVERETT ST, CAMBRIDGE, MA, 02138",1880,10,>8-UNIT-APT,,
,A0076,304 E KINNEY ST,Newark,NJ,07033,Newark,Essex County,Census geocoder matched the street address,"304 E KINNEY ST, NEWARK, NJ, 07105",,,3SB2UG,,
,A0077,91 Brookline St,Cambridge,MA,,Cambridge,Middlesex County,Census geocoder matched the street address,"91 BROOKLINE ST, CAMBRIDGE, MA, 02139",1902,6,4-8-UNIT-APT,,
,A0078,115 BAYVIEW AVE.,Jersey City,NJ,07304,Jersey City,Hudson County,Census geocoder matched the street address,"115 BAYVIEW AVE, JERSEY CITY, NJ, 07305",,,4S-B-A-16U-H,,
,A0079,2361 PORTLAND ST,Los Angeles,CA,90007,Los Angeles,Los Angeles County,Census geocoder matched the street address,"2361 PORTLAND ST, LOS ANGELES, CA, 90007",1912,9,Five or more apartments,,
,A0080,690 S CATALINA ST,Los Angeles,CA,90005,Los Angeles,Los Angeles County,Census geocoder matched the street address,"690 S CATALINA ST, LOS ANGELES, CA, 90005",2002,90,Five or more apartments,,
,A0081,145 TAYLOR ST,San Francisco,CA,,San Francisco,San Francisco County,Census geocoder matched the street address,"145 TAYLOR ST, SAN FRANCISCO, CA, 94102",2005,69,Apartment 15 Units or more,,
,A0082,63 Inman St,Cambridge,MA,,Cambridge,Middlesex County,Census geocoder matched the street address,"63 INMAN ST, CAMBRIDGE, MA, 02139",1880,16,>8-UNIT-APT,,
,A0084,1725 CHESTNUT ST,San Francisco,CA,,San Francisco,San Francisco County,Census geocoder matched the street address,"1725 CHESTNUT ST, SAN FRANCISCO, CA, 94123",1908,5,Apartment 5 to 14 Units,,
,A0085,1101 CHURCH ST,San Francisco,CA,,San Francisco,San Francisco County,Census geocoder matched the street address,"1101 CHURCH ST, SAN FRANCISCO, CA, 94114",1926,6,Apartment 5 to 14 Units,,
,A0086,67 Plymouth St,Cambridge,MA,,Cambridge,Middlesex County,Census geocoder matched the street address,"67 PLYMOUTH ST, CAMBRIDGE, MA, 02141",1837,5,4-8-UNIT-APT,,
,A0087,323 BLOOMFIELD ST,Hoboken,NJ,07504,Hoboken,Hudson County,Census geocoder matched the street address,"323 BLOOMFIELD ST, HOBOKEN, NJ, 07030",,,"2,4B-16U-H-X",,
,A0088,201 CLEMENT ST,San Francisco,CA,,San Francisco,San Francisco County,Census geocoder matched the street address,"201 CLEMENT ST, SAN FRANCISCO, CA, 94118",1908,9,Flat & Store 5 to 14 units,,
,A0089,935 PARK AVE,Hoboken,NJ,07030,Hoboken,Hudson County,Census geocoder matched the street address,"935 PARK AVE, HOBOKEN, NJ, 07030",,,5B-10U-H-BA,,
,A0090,30 JACKSON ST,Newark,NJ,07105,Newark,Essex County,Census geocoder matched the street address,"30 JACKSON ST, NEWARK, NJ, 07105",,,3S.F.,,
,A0091,2229 DWIGHT WAY,Berkeley,CA,94704,Berkeley,Alameda County,Census geocoder matched the street address,"2229 DWIGHT WAY, BERKELEY, CA, 94704",,,Alameda County use code (5+ units),,
,A0092,2514 PIEDMONT AVE,Berkeley,CA,94704,Berkeley,Alameda County,Census geocoder matched the street address,"2514 PIEDMONT AVE, BERKELEY, CA, 94704",,,Alameda County use code (5+ units),,
,A0094,1371 27TH ST,San Diego,CA,92154,San Diego,San Diego County,Census geocoder matched the street address,"1371 27TH ST, SAN DIEGO, CA, 92154",,88,SANDAG asr_landuse 14-16 (5+ units),,
,A0095,23 Elm St,Cambridge,MA,,Cambridge,Middlesex County,Census geocoder matched the street address,"23 ELM ST, CAMBRIDGE, MA, 02139",1900,6,4-8-UNIT-APT,,
,A0096,81 WESTLAND AV,Boston,MA,02115,Boston,Suffolk County,Census geocoder matched the street address,"81 WESTLAND AVE, BOSTON, MA, 02115",1910,,SUBSD HOUSING S- 8,,
,A0097,1560 MASON ST,San Francisco,CA,,San Francisco,San Francisco County,Census geocoder matched the street address,"1560 MASON ST, SAN FRANCISCO, CA, 94133",1907,8,Flat & Store 5 to 14 units,,
,A0099,822 WASHINGTON ST,Hoboken,NJ,07458,Hoboken,Hudson County,Census geocoder matched the street address,"822 WASHINGTON ST, HOBOKEN, NJ, 07030",,,4B-5U-H-BA,,
,A0100,4732 BANCROFT ST,San Diego,CA,92116,San Diego,San Diego County,Census geocoder matched the street address,"4732 BANCROFT ST, SAN DIEGO, CA, 92116",,7,SANDAG asr_landuse 14-16 (5+ units),,
,A0101,315-319 FAIRMOUNT AVENUE,Jersey City,NJ,07039,Jersey City,Hudson County,Census geocoder matched the street address,"315 FAIRMOUNT AVE, JERSEY CITY, NJ, 07306",,,2-4S-B-A-26U-H,,
,A0102,124 BLOOMFIELD ST,Hoboken,NJ,10003,Hoboken,Hudson County,Census geocoder matched the street address,"124 BLOOMFIELD ST, HOBOKEN, NJ, 07030",,,4B-5U-H-BA,,
,A0103,2161 ALLSTON WAY,Berkeley,CA,94704,Berkeley,Alameda County,Census geocoder matched the street address,"2161 ALLSTON WAY, BERKELEY, CA, 94704",,,Alameda County use code (5+ units),,
,A0104,409 5TH ST,Newark,NJ,07012,Newark,Essex County,Census geocoder matched the street address,"409 N 5TH ST, NEWARK, NJ, 07107",,,3SB,,
,A0105,140 PORTOLA DR,San Francisco,CA,,San Francisco,San Francisco County,Census geocoder matched the street address,"140 PORTOLA DR, SAN FRANCISCO, CA, 94131",2019,7,Apartment 5 to 14 Units,,
,A0106,250 FREMONT ST,San Francisco,CA,,San Francisco,San Francisco County,Census geocoder matched the street address,"250 FREMONT ST, SAN FRANCISCO, CA, 94105",,60,Apartment 15 Units or more,,
,A0107,10635 SHERMAN GROVE AVE,Los Angeles,CA,91040,Los Angeles,Los Angeles County,Census geocoder matched the street address,"10635 SHERMAN GROVE AVE, SUNLAND, CA, 91040",1978,20,Five or more apartments,,
,A0108,13 JEFFERSON AVE.,Jersey City,NJ,07030,Jersey City,Hudson County,Census geocoder matched the street address,"13 JEFFERSON AVE, JERSEY CITY, NJ, 07306",,,3S-B-D-6U-H,,
,A0109,2922 OTIS ST,Berkeley,CA,94703,Berkeley,Alameda County,Census geocoder matched the street address,"2922 OTIS ST, BERKELEY, CA, 94703",,,Alameda County use code (5+ units),,
,A0110,130-132 2ND AVE,Newark,NJ,07055,Newark,Essex County,Census geocoder matched the street address,"130 2ND AVE, NEWARK, NJ, 07104",,,3SF,,
,A0111,10075 TUJUNGA CANYON BLVD,Los Angeles,CA,91042,Los Angeles,Los Angeles County,Census geocoder matched the street address,"10075 TUJUNGA CANYON BLVD, TUJUNGA, CA, 91042",1984,40,Five or more apartments,,
,A0112,448 BRODERICK ST,San Francisco,CA,,San Francisco,San Francisco County,Census geocoder matched the street address,"448 BRODERICK ST, SAN FRANCISCO, CA, 94117",1905,9,Apartment 5 to 14 Units,,
,A0113,3151 ETON AVE,Berkeley,CA,94705,Berkeley,Alameda County,Census geocoder matched the street address,"3151 ETON AVE, BERKELEY, CA, 94705",,,Alameda County use code (5+ units),,
,A0114,3743 INDIA ST,San Diego,CA,92103,San Diego,San Diego County,Census geocoder matched the street address,"3743 INDIA ST, SAN DIEGO, CA, 92103",,6,SANDAG asr_landuse 14-16 (5+ units),,
,A0115,397 05TH AV,San Francisco,CA,,San Francisco,San Francisco County,Census geocoder matched the street address,"397 5TH AVE, SAN FRANCISCO, CA, 94118",1900,6,Flat & Store 5 to 14 units,,
,A0116,36 PROSPECT ST.,Jersey City,NJ,07111,Jersey City,Hudson County,Census geocoder matched the street address,"36 PROSPECT ST, JERSEY CITY, NJ, 07307",1923,,3S-F-D-6U-H,,
,A0117,1733 N CHEROKEE AVE,Los Angeles,CA,90028,Los Angeles,Los Angeles County,Census geocoder matched the street address,"1733 N CHEROKEE AVE, LOS ANGELES, CA, 90028",1924,40,Five or more apartments,,
,A0119,607 ADAMS ST,Hoboken,NJ,07030,Hoboken,Hudson County,Census geocoder matched the street address,"607 ADAMS ST, HOBOKEN, NJ, 07030",,,2F-4U/2F-2U,,
,A0120,139 ELM ST,Newark,NJ,07105,Newark,Essex County,Census geocoder matched the street address,"139 ELM ST, NEWARK, NJ, 07105",,,3SF,,
,A0121,4079 FRONT ST,San Diego,CA,92103,San Diego,San Diego County,Census geocoder matched the street address,"4079 FRONT ST, SAN DIEGO, CA, 92103",,22,SANDAG asr_landuse 14-16 (5+ units),,
,A0122,4812 S BROADWAY,Los Angeles,CA,90037,Los Angeles,Los Angeles County,Census geocoder matched the street address,"4812 S BROADWAY, LOS ANGELES, CA, 90037",1909,8,Five or more apartments,,
,A0124,33-35 Brookline St,Cambridge,MA,,Cambridge,Middlesex County,Census geocoder matched the street address,"33 BROOKLINE ST, CAMBRIDGE, MA, 02139",1929,16,>8-UNIT-APT,,
,A0125,227 GRAND ST,Hoboken,NJ,07030,Hoboken,Hudson County,Census geocoder matched the street address,"227 GRAND ST, HOBOKEN, NJ, 07030",,,5B-5U-H-(CO-OP),,
,A0126,1350 POTRERO AV,San Francisco,CA,,San Francisco,San Francisco County,Census geocoder matched the street address,"1350 POTRERO AVE, SAN FRANCISCO, CA, 94110",1927,8,Apartment 5 to 14 Units,,
,A0127,10029 SEPULVEDA BLVD,Los Angeles,CA,91345,Los Angeles,Los Angeles County,Census geocoder matched the street address,"10029 N SEPULVEDA BLVD, MISSION HILLS, CA, 91345",1964,5,Five or more apartments,,
,A0129,526-532 MULBERRY ST,Newark,NJ,07039,Newark,Essex County,Census geocoder matched the street address,"526 MULBERRY ST, NEWARK, NJ, 07114",,,3SB1UG,,
,A0130,554 MARKET ST,Newark,NJ,07205,Newark,Essex County,Census geocoder matched the street address,"554 MARKET ST, NEWARK, NJ, 07105",,,3S.B.,,
,A0131,43 POPLAR ST.,Jersey City,NJ,07307,Jersey City,Hudson County,Census geocoder matched the street address,"43 POPLAR ST, JERSEY CITY, NJ, 07307",1900,,3S-F-D-6U,,
,A0132,587 N 6TH ST,Newark,NJ,11205,Newark,Essex County,Census geocoder matched the street address,"587 N 6TH ST, NEWARK, NJ, 07107",,,3SB,,
,A0133,8819 LANKERSHIM BLVD,Los Angeles,CA,91352,Los Angeles,Los Angeles County,Census geocoder matched the street address,"8819 LANKERSHIM BLVD, SUN VALLEY, CA, 91352",1956,6,Five or more apartments,,
,A0135,843 CLAY ST,San Francisco,CA,,San Francisco,San Francisco County,Census geocoder matched the street address,"843 CLAY ST, SAN FRANCISCO, CA, 94108",1908,29,Apartment 15 Units or more,,
,A0136,920 HUDSON ST,Hoboken,NJ,07030,Hoboken,Hudson County,Census geocoder matched the street address,"920 HUDSON ST, HOBOKEN, NJ, 07030",,,5B-26U-H-CO-OP,,
,A0137,65-71 NORFLOK ST,Newark,NJ,07003,Newark,Essex County,Census geocoder matched the street address,"65 NORFOLK ST, NEWARK, NJ, 07103",,,3SF5UG,,
,A0138,1033 E 51ST ST,Los Angeles,CA,90011,Los Angeles,Los Angeles County,Census geocoder matched the street address,"1033 E 51ST ST, LOS ANGELES, CA, 90011",1959,5,Five or more apartments,,
,A0139,54 STUYVESANT AVE.,Jersey City,NJ,07042,Jersey City,Hudson County,Census geocoder matched the street address,"54 STUYVESANT AVE, JERSEY CITY, NJ, 07306",1910,,3S-F-5U-NH,,
,A0140,459 BEACON ST,Boston,MA,02115,Boston,Suffolk County,Census geocoder matched the street address,"459 BEACON ST, BOSTON, MA, 02115",1910,,APT 7-30 UNITS,,
,A0141,2601 43RD AV,San Francisco,CA,,San Francisco,San Francisco County,Census geocoder matched the street address,"2601 43RD AVE, SAN FRANCISCO, CA, 94116",1974,8,Apartment 5 to 14 Units,,
,A0142,4615 AVALON BLVD,Los Angeles,CA,90011,Los Angeles,Los Angeles County,Census geocoder matched the street address,"4615 AVALON BLVD, LOS ANGELES, CA, 90011",1957,8,Five or more apartments,,
,A0145,4515 FELTON ST,San Diego,CA,92116,San Diego,San Diego County,Census geocoder matched the street address,"4515 FELTON ST, SAN DIEGO, CA, 92116",,8,SANDAG asr_landuse 14-16 (5+ units),,
,A0146,93-95 HAWKINS ST,Newark,NJ,07105,Newark,Essex County,Census geocoder matched the street address,"93 HAWKINS ST, NEWARK, NJ, 07105",,,2SF3UG,,
,A0147,2850 GOLDEN GATE AV,San Francisco,CA,,San Francisco,San Francisco County,Census geocoder matched the street address,"2850 GOLDEN GATE AVE, SAN FRANCISCO, CA, 94118",1900,5,Apartment 5 to 14 Units,,
,A0148,162-166 5TH ST,Newark,NJ,07105,Newark,Essex County,Census geocoder matched the street address,"162 5TH ST, NEWARK, NJ, 07107",,,2.5SF,,
,A0150,3784 E BROADWAY,San Diego,CA,92102,San Diego,San Diego County,Census geocoder matched the street address,"3784 BROADWAY, SAN DIEGO, CA, 92102",,9,SANDAG asr_landuse 14-16 (5+ units),,
,A0151,16 Queensberry ST,Boston,MA,02215,Boston,Suffolk County,Census geocoder matched the street address,"16 QUEENSBERRY ST, BOSTON, MA, 02215",1899,,APT 7-30 UNITS,,
,A0152,1669 SUNSET CLIFFS BLVD,San Diego,CA,92107,San Diego,San Diego County,Census geocoder matched the street address,"1669 SUNSET CLIFFS BLVD, SAN DIEGO, CA, 92107",,12,SANDAG asr_landuse 14-16 (5+ units),,
,A0153,366 E 55TH ST,Los Angeles,CA,90011,Los Angeles,Los Angeles County,Census geocoder matched the street address,"366 E 55TH ST, LOS ANGELES, CA, 90011",1924,9,Five or more apartments,,
,A0154,4568 IDAHO ST,San Diego,CA,92116,San Diego,San Diego County,Census geocoder matched the street address,"4568 IDAHO ST, SAN DIEGO, CA, 92116",,8,SANDAG asr_landuse 14-16 (5+ units),,
,A0156,290 GREEN ST,San Francisco,CA,,San Francisco,San Francisco County,Census geocoder matched the street address,"290 GREEN ST, SAN FRANCISCO, CA, 94111",1927,9,Apartment 5 to 14 Units,,
,A0157,2701 RIDGE RD,Berkeley,CA,94709,Berkeley,Alameda County,Census geocoder matched the street address,"2701 RIDGE RD, BERKELEY, CA, 94709",,,Alameda County use code (5+ units),,
,A0158,2522 HILGARD AVE,Berkeley,CA,94709,Berkeley,Alameda County,Census geocoder matched the street address,"2522 HILGARD AVE, BERKELEY, CA, 94709",,,Alameda County use code (5+ units),,
,A0159,104 SUNSET AVE,Newark,NJ,11211,Newark,Essex County,Census geocoder matched the street address,"104 SUNSET AVE, NEWARK, NJ, 07106",,,3SF,,
,A0160,86 CHARLES ST.,Jersey City,NJ,07642,Jersey City,Hudson County,Census geocoder matched the street address,"86 CHARLES ST, JERSEY CITY, NJ, 07307",1918,,3S-B-A-22U,,
,A0161,317 UNION ST.,Jersey City,NJ,07013,Jersey City,Hudson County,Census geocoder matched the street address,"317 UNION ST, JERSEY CITY, NJ, 07304",1930,,4S-B-A-21U-H,,
,A0162,1640 N POINSETTIA PL,Los Angeles,CA,90046,Los Angeles,Los Angeles County,Census geocoder matched the street address,"1640 N POINSETTIA PL, LOS ANGELES, CA, 90046",1987,24,Five or more apartments,,
,A0163,233-235 SECOND ST.,Jersey City,NJ,07042,Jersey City,Hudson County,Census geocoder matched the street address,"233 2ND ST, JERSEY CITY, NJ, 07302",1870,,3&4S-B&F-14U,,
,A0164,725 14TH ST,San Francisco,CA,,San Francisco,San Francisco County,Census geocoder matched the street address,"725 14TH ST, SAN FRANCISCO, CA, 94114",1911,6,Apartment 5 to 14 Units,,
,A0165,734 JAMAICA CT,San Diego,CA,92109,San Diego,San Diego County,Census geocoder matched the street address,"734 JAMAICA CT, SAN DIEGO, CA, 92109",,8,SANDAG asr_landuse 14-16 (5+ units),,
,A0166,1 Potter Pk,Cambridge,MA,,Cambridge,Middlesex County,Census geocoder matched the street address,"1 POTTER PARK, CAMBRIDGE, MA, 02138",1900,5,4-8-UNIT-APT,,
,A0167,4616 FLORIDA ST,San Diego,CA,92116,San Diego,San Diego County,Census geocoder matched the street address,"4616 FLORIDA ST, SAN DIEGO, CA, 92116",,20,SANDAG asr_landuse 14-16 (5+ units),,
,A0168,600 JACKSON/601 HARRISON,Hoboken,NJ,07030,Hoboken,Hudson County,Census geocoder matched the street address,"600 JACKSON ST, HOBOKEN, NJ, 07030",2007,,5B-64U/5B-64U-G,,
,A0170,8917 CEDROS AVE,Los Angeles,CA,91402,Los Angeles,Los Angeles County,Census geocoder matched the street address,"8917 CEDROS AVE, PANORAMA CITY, CA, 91402",1990,32,Five or more apartments,,
,A0171,127 OGDEN AVE.,Jersey City,NJ,07660,Jersey City,Hudson County,Census geocoder matched the street address,"127 OGDEN AVE, JERSEY CITY, NJ, 07307",1910,,3S-B-D-7U-NH,,
,A0172,8504 WILLIS AVE,Los Angeles,CA,91402,Los Angeles,Los Angeles County,Census geocoder matched the street address,"8504 WILLIS AVE, PANORAMA CITY, CA, 91402",1960,33,Five or more apartments,,
,A0173,13180 FOOTHILL BLVD,Los Angeles,CA,91342,Los Angeles,Los Angeles County,Census geocoder matched the street address,"13180 FOOTHILL BLVD, SYLMAR, CA, 91342",1937,9,Five or more apartments,,
,A0174,84 Hampshire St,Cambridge,MA,,Cambridge,Middlesex County,Census geocoder matched the street address,"84 HAMPSHIRE ST, CAMBRIDGE, MA, 02139",1900,19,>8-UNIT-APT,,
,A0175,10 Dover St,Cambridge,MA,,Cambridge,Middlesex County,Census geocoder matched the street address,"10 DOVER ST, CAMBRIDGE, MA, 02140",1922,6,4-8-UNIT-APT,,
,A0176,15 Chester St,Cambridge,MA,,Cambridge,Middlesex County,Census geocoder matched the street address,"15 CHESTER ST, CAMBRIDGE, MA, 02140",1965,29,>8-UNIT-APT,,
,A0177,166 HIGHLAND AVE.,Jersey City,NJ,11201,Jersey City,Hudson County,Census geocoder matched the street address,"166 HIGHLAND AVE, JERSEY CITY, NJ, 07306",1912,,3S-F-D-6U-NH,,
,A0178,5308 RIVERTON AVE,Los Angeles,CA,91601,Los Angeles,Los Angeles County,Census geocoder matched the street address,"5308 RIVERTON AVE, NORTH HOLLYWOOD, CA, 91601",1961,7,Five or more apartments,,
,A0179,7006 LANEWOOD AVE,Los Angeles,CA,90028,Los Angeles,Los Angeles County,Census geocoder matched the street address,"7006 LANEWOOD AVE, LOS ANGELES, CA, 90028",1958,18,Five or more apartments,,
,A0180,845 S KINGSLEY DR,Los Angeles,CA,90005,Los Angeles,Los Angeles County,Census geocoder matched the street address,"845 S KINGSLEY DR, LOS ANGELES, CA, 90005",1990,33,Five or more apartments,,
,A0181,931 GARDEN ST,Hoboken,NJ,07030,Hoboken,Hudson County,Census geocoder matched the street address,"931 GARDEN ST, HOBOKEN, NJ, 07030",,,5B-10U-BA,,
,A0182,911-923 CLINTON ST,Hoboken,NJ,07030,Hoboken,Hudson County,Census geocoder matched the street address,"911 CLINTON ST, HOBOKEN, NJ, 07030",,,"2,5B-90U-H-BA",,
,A0183,2427 HILGARD AVE,Berkeley,CA,94709,Berkeley,Alameda County,Census geocoder matched the street address,"2427 HILGARD AVE, BERKELEY, CA, 94709",,,Alameda County use code (5+ units),,
,A0184,156 W 32ND ST,Los Angeles,CA,90007,Los Angeles,Los Angeles County,Census geocoder matched the street address,"156 W 32ND ST, LOS ANGELES, CA, 90007",1907,16,Five or more apartments,,
,A0185,154 TERHUNE AVE.,Jersey City,NJ,07103,Jersey City,Hudson County,Census geocoder matched the street address,"154 TERHUNE AVE, JERSEY CITY, NJ, 07305",1922,,3S-F-D-6U-NH,,
,A0186,107 BEACON AVE.,Jersey City,NJ,07306,Jersey City,Hudson County,Census geocoder matched the street address,"107 BEACON AVE, JERSEY CITY, NJ, 07306",,,3S-F-D-5U-NH,,
,A0187,146 CARLTON AVE.,Jersey City,NJ,07423,Jersey City,Hudson County,Census geocoder matched the street address,"146 CARLTON AVE, JERSEY CITY, NJ, 07306",1925,,3S-F-D-6U-NH,,
,A0188,2819 MCGEE AVE,Berkeley,CA,94703,Berkeley,Alameda County,Census geocoder matched the street address,"2819 MCGEE AVE, BERKELEY, CA, 94703",,,Alameda County use code (5+ units),,
,A0189,1811 CARLETON ST,Berkeley,CA,94703,Berkeley,Alameda County,Census geocoder matched the street address,"1811 CARLETON ST, BERKELEY, CA, 94703",,,Alameda County use code (5+ units),,
,A0190,283 ADAMS ST,Newark,NJ,07105,Newark,Essex County,Census geocoder matched the street address,"283 ADAMS ST, NEWARK, NJ, 07105",,,3SB,,
,A0191,60 Kirkland St,Cambridge,MA,,Cambridge,Middlesex County,Census geocoder matched the street address,"60 KIRKLAND ST, CAMBRIDGE, MA, 02138",1891,6,4-8-UNIT-APT,,
,A0192,780 POST ST,San Francisco,CA,,San Francisco,San Francisco County,Census geocoder matched the street address,"780 POST ST, SAN FRANCISCO, CA, 94109",1916,36,Apartment 15 Units or more,,
,A0193,1626 BONITA AVE,Berkeley,CA,94709,Berkeley,Alameda County,Census geocoder matched the street address,"1626 BONITA AVE, BERKELEY, CA, 94709",,,Alameda County use code (5+ units),,
,A0194,72 Burbank ST,Boston,MA,02115,Boston,Suffolk County,Census geocoder matched the street address,"72 BURBANK ST, BOSTON, MA, 02115",2022,,SUBSD HOUSING S- 8,,
,A0196,16915 BLACKHAWK ST,Los Angeles,CA,91344,Los Angeles,Los Angeles County,Census geocoder matched the street address,"16915 BLACKHAWK ST, GRANADA HILLS, CA, 91344",1962,30,Five or more apartments,,
,A0197,1611 62ND ST,Berkeley,CA,94703,Berkeley,Alameda County,Census geocoder matched the street address,"1611 62ND ST, BERKELEY, CA, 94703",,,Alameda County use code (5+ units),,
,A0199,42 Bay State Rd,Cambridge,MA,,Cambridge,Middlesex County,Census geocoder matched the street address,"42 BAY STATE RD, CAMBRIDGE, MA, 02138",2012,5,4-8-UNIT-APT,,
,A0200,1853 N HIGHLAND AVE,Los Angeles,CA,90028,Los Angeles,Los Angeles County,Census geocoder matched the street address,"1853 N HIGHLAND AVE, LOS ANGELES, CA, 90028",,5,Five or more apartments,,
,A0201,2737 BENVENUE AVE,Berkeley,CA,94705,Berkeley,Alameda County,Census geocoder matched the street address,"2737 BENVENUE AVE, BERKELEY, CA, 94705",,,Alameda County use code (5+ units),,
,A0202,1446 JACKSON ST,San Francisco,CA,,San Francisco,San Francisco County,Census geocoder matched the street address,"1446 JACKSON ST, SAN FRANCISCO, CA, 94109",1907,6,Apartment 5 to 14 Units,,
,A0204,202-208 6TH AVE W,Newark,NJ,08736,Newark,Essex County,Census geocoder matched the street address,"202 6TH AVE W, NEWARK, NJ, 07107",,,3SB,,
,A0205,2425 GRANT ST,Berkeley,CA,94703,Berkeley,Alameda County,Census geocoder matched the street address,"2425 GRANT ST, BERKELEY, CA, 94703",,,Alameda County use code (5+ units),,
,A0206,401 43RD AV,San Francisco,CA,,San Francisco,San Francisco County,Census geocoder matched the street address,"401 43RD AVE, SAN FRANCISCO, CA, 94121",1929,21,Apartment 15 Units or more,,
,A0207,705 W 23RD ST,Los Angeles,CA,90007,Los Angeles,Los Angeles County,Census geocoder matched the street address,"705 W 23RD ST, LOS ANGELES, CA, 90007",1901,10,Five or more apartments,,
,A0208,126 ADAMS ST,Hoboken,NJ,07604,Hoboken,Hudson County,Census geocoder matched the street address,"126 ADAMS ST, HOBOKEN, NJ, 07030",,,4B-8U,,
,A0209,19 Trowbridge St,Cambridge,MA,,Cambridge,Middlesex County,Census geocoder matched the street address,"19 TROWBRIDGE ST, CAMBRIDGE, MA, 02138",1910,6,4-8-UNIT-APT,,
,A0210,1432 N CURSON AVE,Los Angeles,CA,90046,Los Angeles,Los Angeles County,Census geocoder matched the street address,"1432 N CURSON AVE, LOS ANGELES, CA, 90046",2016,9,Five or more apartments,,
,A0211,499 BEACON ST,Boston,MA,02215,Boston,Suffolk County,Census geocoder matched the street address,"499 BEACON ST, BOSTON, MA, 02215",1899,,APT 7-30 UNITS,,
,A0212,1311 SOUTH VAN NESS AV,San Francisco,CA,,San Francisco,San Francisco County,Census geocoder matched the street address,"1311 S VAN NESS AVE, SAN FRANCISCO, CA, 94110",1900,5,Apartment 5 to 14 Units,,
,A0213,11649 ACAMA ST,Los Angeles,CA,91604,Los Angeles,Los Angeles County,Census geocoder matched the street address,"11649 ACAMA ST, STUDIO CITY, CA, 91604",1986,7,Five or more apartments,,
,A0214,358 Harvard St,Cambridge,MA,,Cambridge,Middlesex County,Census geocoder matched the street address,"358 HARVARD ST, CAMBRIDGE, MA, 02138",1900,6,4-8-UNIT-APT,,
,A0215,2295 CALIFORNIA ST,San Francisco,CA,,San Francisco,San Francisco County,Census geocoder matched the street address,"2295 CALIFORNIA ST, SAN FRANCISCO, CA, 94115",1924,21,Apartment 15 Units or more,,
,A0216,2309 HASTE ST,Berkeley,CA,94704,Berkeley,Alameda County,Census geocoder matched the street address,"2309 HASTE ST, BERKELEY, CA, 94704",,,Alameda County use code (5+ units),,
,A0218,15 Richdale Ave,Cambridge,MA,,Cambridge,Middlesex County,Census geocoder matched the street address,"15 RICHDALE AVE, CAMBRIDGE, MA, 02140",1910,46,>8-UNIT-APT,,
,A0219,3735 32ND ST,San Diego,CA,92104,San Diego,San Diego County,Census geocoder matched the street address,"3735 32ND ST, SAN DIEGO, CA, 92104",,8,SANDAG asr_landuse 14-16 (5+ units),,
,A0221,191 Park DR,Boston,MA,02215,Boston,Suffolk County,Census geocoder matched the street address,"191 PARK DR, BOSTON, MA, 02215",1910,,APT 7-30 UNITS,,
,A0222,1901 VALLEJO ST,San Francisco,CA,,San Francisco,San Francisco County,Census geocoder matched the street address,"1901 VALLEJO ST, SAN FRANCISCO, CA, 94123",1960,8,Apartment 5 to 14 Units,,
,A0223,504 COURT ST,Hoboken,NJ,07030,Hoboken,Hudson County,Census geocoder matched the street address,"504 COURT ST, HOBOKEN, NJ, 07030",,,4B-5U-H-BA,,
,A0224,8727 TOBIAS AVE,Los Angeles,CA,91402,Los Angeles,Los Angeles County,Census geocoder matched the street address,"8727 TOBIAS AVE, PANORAMA CITY, CA, 91402",1960,13,Five or more apartments,,
,A0225,1627 JACKSON ST,San Francisco,CA,,San Francisco,San Francisco County,Census geocoder matched the street address,"1627 JACKSON ST, SAN FRANCISCO, CA, 94109",1913,9,Apartment 5 to 14 Units,,
,A0226,663 MASSACHUSETTS AV,Boston,MA,02118,Boston,Suffolk County,Census geocoder matched the street address,"663 MASSACHUSETTS AVE, BOSTON, MA, 02118",1905,,SUBSD HOUSING S- 8,,
,A0227,1401 HUDSON ST,Hoboken,NJ,07030,Hoboken,Hudson County,Census geocoder matched the street address,"1401 HUDSON ST, HOBOKEN, NJ, 07030",2010,2,13B-93U-2C-G,,
,A0228,225 COLLINGWOOD ST,San Francisco,CA,,San Francisco,San Francisco County,Census geocoder matched the street address,"225 COLLINGWOOD ST, SAN FRANCISCO, CA, 94114",1907,5,Apartment 5 to 14 Units,,
,A0229,5164 03RD ST,San Francisco,CA,,San Francisco,San Francisco County,Census geocoder matched the street address,"5164 3RD ST, SAN FRANCISCO, CA, 94124",1914,6,Apartment 5 to 14 Units,,
,A0230,85 Hancock St,Cambridge,MA,,Cambridge,Middlesex County,Census geocoder matched the street address,"85 HANCOCK ST, CAMBRIDGE, MA, 02139",1996,18,>8-UNIT-APT,,
,A0231,521 ARGUELLO BL,San Francisco,CA,,San Francisco,San Francisco County,Census geocoder matched the street address,"521 ARGUELLO BLVD, SAN FRANCISCO, CA, 94118",1971,6,Apartment 5 to 14 Units,,
,A0232,189 Third St,Cambridge,MA,,Cambridge,Middlesex County,Census geocoder matched the street address,"189 3RD ST, CAMBRIDGE, MA, 02141",1900,6,4-8-UNIT-APT,,
,A0233,30 MEDFIELD ST,Boston,MA,02215,Boston,Suffolk County,Census geocoder matched the street address,"30 MEDFIELD ST, BOSTON, MA, 02215",1920,,APT 7-30 UNITS,,
,A0234,2212 BLAKE ST,Berkeley,CA,94704,Berkeley,Alameda County,Census geocoder matched the street address,"2212 BLAKE ST, BERKELEY, CA, 94704",,,Alameda County use code (5+ units),,
,A0235,6736 SELMA AVE,Los Angeles,CA,90028,Los Angeles,Los Angeles County,Census geocoder matched the street address,"6736 SELMA AVE, LOS ANGELES, CA, 90028",,,Five or more apartments,,
,A0236,1110 JACKSON ST,San Francisco,CA,,San Francisco,San Francisco County,Census geocoder matched the street address,"1110 JACKSON ST, SAN FRANCISCO, CA, 94133",1961,9,Apartment 5 to 14 Units,,
,A0237,36 VALLEY ST,San Francisco,CA,,San Francisco,San Francisco County,Census geocoder matched the street address,"36 VALLEY ST, SAN FRANCISCO, CA, 94110",1927,12,Apartment 5 to 14 Units,,
,A0238,15256 ACRE ST,Los Angeles,CA,91343,Los Angeles,Los Angeles County,Census geocoder matched the street address,"15256 ACRE ST, NORTH HILLS, CA, 91343",1957,6,Five or more apartments,,
,A0239,1476 UNIVERSITY AVE,Berkeley,CA,94702,Berkeley,Alameda County,Census geocoder matched the street address,"1476 UNIVERSITY AVE, BERKELEY, CA, 94702",,,Alameda County use code (5+ units),,
,A0240,4135 38TH ST,San Diego,CA,92105,San Diego,San Diego County,Census geocoder matched the street address,"4135 38TH ST, SAN DIEGO, CA, 92105",,7,SANDAG asr_landuse 14-16 (5+ units),,
,A0241,913 GARDEN ST,Hoboken,NJ,07030,Hoboken,Hudson County,Census geocoder matched the street address,"913 GARDEN ST, HOBOKEN, NJ, 07030",,,5B-14U-H-BA,,
,A0243,664 OCEAN AVE.,Jersey City,NJ,07305,Jersey City,Hudson County,Census geocoder matched the street address,"664 OCEAN AVE, JERSEY CITY, NJ, 07305",1910,,3S+BT-F-6U,,
,A0244,1126 HUDSON ST,Hoboken,NJ,07030,Hoboken,Hudson County,Census geocoder matched the street address,"1126 HUDSON ST, HOBOKEN, NJ, 07030",,,5B-12U-1BX-H-BA,,
,A0246,4386 COPELAND AVE,San Diego,CA,92105,San Diego,San Diego County,Census geocoder matched the street address,"4386 COPELAND AVE, SAN DIEGO, CA, 92105",,8,SANDAG asr_landuse 14-16 (5+ units),,
,A0247,4957 CAPE MAY AVE,San Diego,CA,92107,San Diego,San Diego County,Census geocoder matched the street address,"4957 CAPE MAY AVE, SAN DIEGO, CA, 92107",,10,SANDAG asr_landuse 14-16 (5+ units),,
,A0248,941 S KENMORE AVE,Los Angeles,CA,90006,Los Angeles,Los Angeles County,Census geocoder matched the street address,"941 S KENMORE AVE, LOS ANGELES, CA, 90006",1923,24,Five or more apartments,,
,A0249,498-500 HAWTHORNE AVE,Newark,NJ,10013,Newark,Essex County,Census geocoder matched the street address,"498 HAWTHORNE AVE, NEWARK, NJ, 07112",,,3SF4UG,,
,A0250,211 BALDWIN AVE.,Jersey City,NJ,07002,Jersey City,Hudson County,Census geocoder matched the street address,"211 BALDWIN AVE, JERSEY CITY, NJ, 07306",,,6S-B+F-45U-17G,,
,A0251,4663 33RD ST,San Diego,CA,92116,San Diego,San Diego County,Census geocoder matched the street address,"4663 33RD ST, SAN DIEGO, CA, 92116",,8,SANDAG asr_landuse 14-16 (5+ units),,
,A0252,15514 CHASE ST,Los Angeles,CA,91343,Los Angeles,Los Angeles County,Census geocoder matched the street address,"15514 CHASE ST, NORTH HILLS, CA, 91343",1984,6,Five or more apartments,,
,A0253,2250 NORTH POINT ST,San Francisco,CA,,San Francisco,San Francisco County,Census geocoder matched the street address,"2250 N POINT ST, SAN FRANCISCO, CA, 94123",1928,7,Apartment 5 to 14 Units,,
,A0254,805 WASHINGTON ST,Hoboken,NJ,07030,Hoboken,Hudson County,Census geocoder matched the street address,"805 WASHINGTON ST, HOBOKEN, NJ, 07030",,,4B-9U-H-BA,,
,A0255,851 E 51ST ST,Los Angeles,CA,90011,Los Angeles,Los Angeles County,Census geocoder matched the street address,"851 E 51ST ST, LOS ANGELES, CA, 90011",1923,8,Five or more apartments,,
,A0256,327 JACKSON ST,Hoboken,NJ,07017,Hoboken,Hudson County,Census geocoder matched the street address,"327 JACKSON ST, HOBOKEN, NJ, 07030",,,5B-20U-H,,
,A0257,5 COMMER CT,San Francisco,CA,,San Francisco,San Francisco County,Census geocoder matched the street address,"5 COMMER CT, SAN FRANCISCO, CA, 94124",,6,Apartment 5 to 14 Units,,
,A0259,872 NORTH POINT ST,San Francisco,CA,,San Francisco,San Francisco County,Census geocoder matched the street address,"872 N POINT ST, SAN FRANCISCO, CA, 94109",1900,5,Flat & Store 5 to 14 units,,
,A0260,2479 LE CONTE AVE,Berkeley,CA,94709,Berkeley,Alameda County,Census geocoder matched the street address,"2479 LE CONTE AVE, BERKELEY, CA, 94709",,,Alameda County use code (5+ units),,
,A0261,525 ADAMS ST,Hoboken,NJ,07030,Hoboken,Hudson County,Census geocoder matched the street address,"525 ADAMS ST, HOBOKEN, NJ, 07030",,,5B-1OU,,
,A0262,2924 E JUNIPER ST,San Diego,CA,92104,San Diego,San Diego County,Census geocoder matched the street address,"2924 JUNIPER ST, SAN DIEGO, CA, 92104",,18,SANDAG asr_landuse 14-16 (5+ units),,
,A0263,1636 M L KING JR WAY,Berkeley,CA,94709,Berkeley,Alameda County,Census geocoder matched the street address,"1636 MARTIN LUTHER KING JR WAY, BERKELEY, CA, 94709",,,Alameda County use code (5+ units),,
,A0264,583-589 ELIZABETH AVE,Newark,NJ,11516,Newark,Essex County,Census geocoder matched the street address,"583 ELIZABETH AVE, NEWARK, NJ, 07112",,,5SB,,
,A0265,102 BALDWIN AVE.,Jersey City,NJ,07306,Jersey City,Hudson County,Census geocoder matched the street address,"102 BALDWIN AVE, JERSEY CITY, NJ, 07306",1912,,3S-B-A-13U-H,,
,A0266,52 BRIGHT ST.,Jersey City,NJ,10016,Jersey City,Hudson County,Census geocoder matched the street address,"52 BRIGHT ST, JERSEY CITY, NJ, 07302",,,4S-B-D-8U-NH,,
,A0267,1314 N VAN NESS AVE,Los Angeles,CA,90028,Los Angeles,Los Angeles County,Census geocoder matched the street address,"1314 N VAN NESS AVE, LOS ANGELES, CA, 90038",,,Five or more apartments,,
,A0268,1848 FRANKLIN ST,San Francisco,CA,,San Francisco,San Francisco County,Census geocoder matched the street address,"1848 FRANKLIN ST, SAN FRANCISCO, CA, 94109",1914,7,Apartment 5 to 14 Units,,
,A0269,1015 CLINTON ST,Hoboken,NJ,10003,Hoboken,Hudson County,Census geocoder matched the street address,"1015 CLINTON ST, HOBOKEN, NJ, 07030",,,5B-14U,,
,A0270,29 CONCORD ST,Jersey City,NJ,07306,Jersey City,Hudson County,Census geocoder matched the street address,"29 CONCORD ST, JERSEY CITY, NJ, 07306",1890,,4S-B-8U-H,,
,A0271,4115 LINCOLN WY,San Francisco,CA,,San Francisco,San Francisco County,Census geocoder matched the street address,"4115 LINCOLN WAY, SAN FRANCISCO, CA, 94122",1928,13,Apartment 5 to 14 Units,,
,A0272,5 Everett St,Cambridge,MA,,Cambridge,Middlesex County,Census geocoder matched the street address,"5 EVERETT ST, CAMBRIDGE, MA, 02138",1890,6,4-8-UNIT-APT,,
,A0273,3911 CENTRE ST,San Diego,CA,92103,San Diego,San Diego County,Census geocoder matched the street address,"3911 CENTRE ST, SAN DIEGO, CA, 92103",,10,SANDAG asr_landuse 14-16 (5+ units),,
,A0274,7072 EASTMAN ST,San Diego,CA,92111,San Diego,San Diego County,Census geocoder matched the street address,"7072 EASTMAN ST, SAN DIEGO, CA, 92111",,6,SANDAG asr_landuse 14-16 (5+ units),,
,A0275,4091 MORRELL ST,San Diego,CA,92109,San Diego,San Diego County,Census geocoder matched the street address,"4091 MORRELL ST, SAN DIEGO, CA, 92109",,7,SANDAG asr_landuse 14-16 (5+ units),,
,A0276,4361 ILLINOIS ST,San Diego,CA,92104,San Diego,San Diego County,Census geocoder matched the street address,"4361 ILLINOIS ST, SAN DIEGO, CA, 92104",,6,SANDAG asr_landuse 14-16 (5+ units),,
,A0277,2736 GRANT ST,Berkeley,CA,94703,Berkeley,Alameda County,Census geocoder matched the street address,"2736 GRANT ST, BERKELEY, CA, 94703",,,Alameda County use code (5+ units),,
,A0278,1800 FRANKLIN ST,San Francisco,CA,,San Francisco,San Francisco County,Census geocoder matched the street address,"1800 FRANKLIN ST, SAN FRANCISCO, CA, 94109",1919,17,Apartment 15 Units or more,,
,A0279,90 KENSINGTON AVE.,Jersey City,NJ,07302,Jersey City,Hudson County,Census geocoder matched the street address,"90 KENSINGTON AVE, JERSEY CITY, NJ, 07304",1925,,4S-B-A-17U,,
,A0280,1215 11TH AV,San Francisco,CA,,San Francisco,San Francisco County,Census geocoder matched the street address,"1215 11TH AVE, SAN FRANCISCO, CA, 94122",1971,6,Apartment 5 to 14 Units,,
,A0281,1725 N GOWER ST,Los Angeles,CA,90028,Los Angeles,Los Angeles County,Census geocoder matched the street address,"1725 N GOWER ST, LOS ANGELES, CA, 90028",1946,20,Five or more apartments,,
,A0282,2240 10TH ST,Berkeley,CA,94710,Berkeley,Alameda County,Census geocoder matched the street address,"2240 10TH ST, BERKELEY, CA, 94710",,,Alameda County use code (5+ units),,
,A0283,90 BARTLETT ST,San Francisco,CA,,San Francisco,San Francisco County,Census geocoder matched the street address,"90 BARTLETT ST, SAN FRANCISCO, CA, 94110",1986,51,Apartment 15 Units or more,,
,A0284,345 Columbia St,Cambridge,MA,,Cambridge,Middlesex County,Census geocoder matched the street address,"345 COLUMBIA ST, CAMBRIDGE, MA, 02141",1920,9,>8-UNIT-APT,,
,A0285,5255 HARMONY AVE,Los Angeles,CA,91601,Los Angeles,Los Angeles County,Census geocoder matched the street address,"5255 HARMONY AVE, NORTH HOLLYWOOD, CA, 91601",,8,Five or more apartments,,
,A0286,27 Irving Ter,Cambridge,MA,,Cambridge,Middlesex County,Census geocoder matched the street address,"27 IRVING TER, CAMBRIDGE, MA, 02138",1925,29,>8-UNIT-APT,,
,A0287,404 GRAND ST,Hoboken,NJ,07075,Hoboken,Hudson County,Census geocoder matched the street address,"404 GRAND ST, HOBOKEN, NJ, 07030",,,4B-7U-H-BA,,
,A0288,75 CLENDENNY AVE.,Jersey City,NJ,11211,Jersey City,Hudson County,Census geocoder matched the street address,"75 CLENDENNY AVE, JERSEY CITY, NJ, 07304",,,3S-B-12U,,
,A0289,1741 M L KING JR WAY,Berkeley,CA,94709,Berkeley,Alameda County,Census geocoder matched the street address,"1741 MARTIN LUTHER KING JR WAY, BERKELEY, CA, 94709",,,Alameda County use code (5+ units),,
,A0290,21 Forest St,Cambridge,MA,,Cambridge,Middlesex County,Census geocoder matched the street address,"21 FOREST ST, CAMBRIDGE, MA, 02140",1880,10,>8-UNIT-APT,,
,A0291,165 Cambridgepark Dr,Cambridge,MA,,Cambridge,Middlesex County,Census geocoder matched the street address,"165 CAMBRIDGEPARK DR, CAMBRIDGE, MA, 02140",2014,244,>8-UNIT-APT,,
,A0292,24 Berkshire St,Cambridge,MA,,Cambridge,Middlesex County,Census geocoder matched the street address,"24 BERKSHIRE ST, CAMBRIDGE, MA, 02141",2019,6,4-8-UNIT-APT,,
,A0293,1314 NATOMA ST,San Francisco,CA,,San Francisco,San Francisco County,Census geocoder matched the street address,"1314 NATOMA ST, SAN FRANCISCO, CA, 94103",1907,6,Apartment 5 to 14 Units,,
,A0294,178 Richdale Ave,Cambridge,MA,,Cambridge,Middlesex County,Census geocoder matched the street address,"178 RICHDALE AVE, CAMBRIDGE, MA, 02140",1920,6,4-8-UNIT-APT,,
,A0296,83-85 MCWHORTER ST,Newark,NJ,07105,Newark,Essex County,Census geocoder matched the street address,"83 MCWHORTER ST, NEWARK, NJ, 07105",,,4SB,,
,A0297,211-213 SUMMER AVE,Newark,NJ,11205,Newark,Essex County,Census geocoder matched the street address,"211 SUMMER AVE, NEWARK, NJ, 07104",,,4SB,,
,A0298,361 Washington St,Cambridge,MA,,Cambridge,Middlesex County,Census geocoder matched the street address,"361 WASHINGTON ST, CAMBRIDGE, MA, 02139",1900,6,4-8-UNIT-APT,,
,A0299,1037 WASHINGTON ST,Hoboken,NJ,10994,Hoboken,Hudson County,Census geocoder matched the street address,"1037 WASHINGTON ST, HOBOKEN, NJ, 07030",,,4B-8U-BA,,
,A0300,36 Trowbridge St,Cambridge,MA,,Cambridge,Middlesex County,Census geocoder matched the street address,"36 TROWBRIDGE ST, CAMBRIDGE, MA, 02138",1920,5,4-8-UNIT-APT,,
,A0301,165 Hampshire St,Cambridge,MA,,Cambridge,Middlesex County,Census geocoder matched the street address,"165 HAMPSHIRE ST, CAMBRIDGE, MA, 02139",1905,6,4-8-UNIT-APT,,
,A0302,4-6 Clinton St,Cambridge,MA,,Cambridge,Middlesex County,Census geocoder matched the street address,"4 CLINTON ST, CAMBRIDGE, MA, 02139",1900,8,4-8-UNIT-APT,,
,A0303,188 E 35TH ST,Los Angeles,CA,90011,Los Angeles,Los Angeles County,Census geocoder matched the street address,"188 E 35TH ST, LOS ANGELES, CA, 90011",1909,10,Five or more apartments,,
,A0304,4541 HAMILTON ST,San Diego,CA,92116,San Diego,San Diego County,Census geocoder matched the street address,"4541 HAMILTON ST, SAN DIEGO, CA, 92116",,7,SANDAG asr_landuse 14-16 (5+ units),,
,A0305,638 45TH AV,San Francisco,CA,,San Francisco,San Francisco County,Census geocoder matched the street address,"638 45TH AVE, SAN FRANCISCO, CA, 94121",1908,5,Apartment 5 to 14 Units,,
,A0306,335A Harvard St,Cambridge,MA,,Cambridge,Middlesex County,Census geocoder matched the street address,"335A HARVARD ST, CAMBRIDGE, MA, 02139",1920,17,>8-UNIT-APT,,
,A0307,294-296 VAN BUREN ST,Newark,NJ,07512,Newark,Essex County,Census geocoder matched the street address,"294 VAN BUREN ST, NEWARK, NJ, 07105",,,3SB3UG,,
,A0308,1032 HUDSON ST,Hoboken,NJ,07024,Hoboken,Hudson County,Census geocoder matched the street address,"1032 HUDSON ST, HOBOKEN, NJ, 07030",,,5B-11U-H-BA-G,,
,A0309,1706 N STANLEY AVE,Los Angeles,CA,90046,Los Angeles,Los Angeles County,Census geocoder matched the street address,"1706 N STANLEY AVE, LOS ANGELES, CA, 90046",1951,6,Five or more apartments,,
,A0311,38-38- SOMME ST,Newark,NJ,07032,Newark,Essex County,Census geocoder matched the street address,"38 SOMME ST, NEWARK, NJ, 07105",,,2.5S.F.,,
,A0313,317-319 W RUNYON ST,Newark,NJ,11205,Newark,Essex County,Census geocoder matched the street address,"317 W RUNYON ST, NEWARK, NJ, 07108",,,3SF,,
,A0314,6640 LELAND WAY,Los Angeles,CA,90028,Los Angeles,Los Angeles County,Census geocoder matched the street address,"6640 LELAND WAY, LOS ANGELES, CA, 90028",1919,7,Five or more apartments,,
,A0315,5233 CARTWRIGHT AVE,Los Angeles,CA,91601,Los Angeles,Los Angeles County,Census geocoder matched the street address,"5233 CARTWRIGHT AVE, NORTH HOLLYWOOD, CA, 91601",1990,8,Five or more apartments,,
,A0316,3978 FLORIDA ST,San Diego,CA,92104,San Diego,San Diego County,Census geocoder matched the street address,"3978 FLORIDA ST, SAN DIEGO, CA, 92104",,8,SANDAG asr_landuse 14-16 (5+ units),,
,A0317,2233 CHANNING WAY,Berkeley,CA,94704,Berkeley,Alameda County,Census geocoder matched the street address,"2233 CHANNING WAY, BERKELEY, CA, 94704",,,Alameda County use code (5+ units),,
,A0318,2041 FRANCISCO ST,Berkeley,CA,94709,Berkeley,Alameda County,Census geocoder matched the street address,"2041 FRANCISCO ST, BERKELEY, CA, 94709",,,Alameda County use code (5+ units),,
,A0319,2315 GRANT ST,Berkeley,CA,94703,Berkeley,Alameda County,Census geocoder matched the street address,"2315 GRANT ST, BERKELEY, CA, 94703",,,Alameda County use code (5+ units),,
,A0320,408 MADISON ST,Hoboken,NJ,07030,Hoboken,Hudson County,Census geocoder matched the street address,"408 MADISON ST, HOBOKEN, NJ, 07030",,,4F-6U,,
,A0321,200 NUNDA AVE.,Jersey City,NJ,07306,Jersey City,Hudson County,Census geocoder matched the street address,"200 NUNDA AVE, JERSEY CITY, NJ, 07306",,,3S-F-D-7U-NH,,
,A0323,4627 COMPTON AVE,Los Angeles,CA,90011,Los Angeles,Los Angeles County,Census geocoder matched the street address,"4627 COMPTON AVE, LOS ANGELES, CA, 90011",1907,5,Five or more apartments,,
,A0324,2003 FRANKLIN ST,San Francisco,CA,,San Francisco,San Francisco County,Census geocoder matched the street address,"2003 FRANKLIN ST, SAN FRANCISCO, CA, 94109",1885,6,Apartment 5 to 14 Units,,
,A0325,38A GAUTIER AVE.,Jersey City,NJ,07302,Jersey City,Hudson County,Census geocoder matched the street address,"38A GAUTIER AVE, JERSEY CITY, NJ, 07306",1925,,4S-B-A-21U,,
,A0326,46 JEFFERSON ST,Newark,NJ,07105,Newark,Essex County,Census geocoder matched the street address,"46 JEFFERSON ST, NEWARK, NJ, 07105",,,4SB,,
,A0327,1605 N MARTEL AVE,Los Angeles,CA,90046,Los Angeles,Los Angeles County,Census geocoder matched the street address,"1605 N MARTEL AVE, LOS ANGELES, CA, 90046",1954,36,Five or more apartments,,
,A0328,1845 08TH AV,San Francisco,CA,,San Francisco,San Francisco County,Census geocoder matched the street address,"1845 8TH AVE, SAN FRANCISCO, CA, 94122",1960,6,Apartment 5 to 14 Units,,
,A0329,51 MADISON ST,Newark,NJ,07105,Newark,Essex County,Census geocoder matched the street address,"51 MADISON ST, NEWARK, NJ, 07105",,,3SB,,
,A0330,5229 WILLOWCREST AVE,Los Angeles,CA,91601,Los Angeles,Los Angeles County,Census geocoder matched the street address,"5229 WILLOWCREST AVE, NORTH HOLLYWOOD, CA, 91601",2018,24,Five or more apartments,,
,A0331,342-344 IRVINE TURNER BLV,Newark,NJ,11219,Newark,Essex County,Census geocoder matched the street address,"342 IRVINE TURNER BLVD, NEWARK, NJ, 07108",1910,,2.5SF4UG,,
,A0333,3752 33RD ST,San Diego,CA,92104,San Diego,San Diego County,Census geocoder matched the street address,"3752 33RD ST, SAN DIEGO, CA, 92104",,8,SANDAG asr_landuse 14-16 (5+ units),,
,A0334,2025 FRANCISCO ST,Berkeley,CA,94709,Berkeley,Alameda County,Census geocoder matched the street address,"2025 FRANCISCO ST, BERKELEY, CA, 94709",,,Alameda County use code (5+ units),,
,A0335,125 BEMIS ST,San Francisco,CA,,San Francisco,San Francisco County,Census geocoder matched the street address,"125 BEMIS ST, SAN FRANCISCO, CA, 94131",1968,10,Apartment 5 to 14 Units,,
,A0336,151 North First St,Cambridge,MA,,Cambridge,Middlesex County,Census geocoder matched the street address,"151 N FIRST ST, CAMBRIDGE, MA, 02141",2020,468,MXD >8-UNIT-APT,,
,A0337,66 MONROE ST,Newark,NJ,07032,Newark,Essex County,Census geocoder matched the street address,"66 MONROE ST, NEWARK, NJ, 07105",,,4S.B,,
,A0338,521-523 S 17TH,Newark,NJ,07417,Newark,Essex County,Census geocoder matched the street address,"521 S 17TH ST, NEWARK, NJ, 07103",,,3SF,,
,A0339,124 Berkshire St,Cambridge,MA,,Cambridge,Middlesex County,Census geocoder matched the street address,"124 BERKSHIRE ST, CAMBRIDGE, MA, 02141",1920,8,4-8-UNIT-APT,,
,A0340,14735 ROSCOE BLVD,Los Angeles,CA,91402,Los Angeles,Los Angeles County,Census geocoder matched the street address,"14735 ROSCOE BLVD, PANORAMA CITY, CA, 91402",1959,50,Five or more apartments,,
,A0341,4225 50TH ST,San Diego,CA,92115,San Diego,San Diego County,Census geocoder matched the street address,"4225 50TH ST, SAN DIEGO, CA, 92115",,6,SANDAG asr_landuse 14-16 (5+ units),,
,A0342,49 Roseland St,Cambridge,MA,,Cambridge,Middlesex County,Census geocoder matched the street address,"49 ROSELAND ST, CAMBRIDGE, MA, 02140",1910,6,4-8-UNIT-APT,,
,A0343,408-410 5TH ST,Newark,NJ,10997,Newark,Essex County,Census geocoder matched without the ZIP,"408 N 5TH ST, NEWARK, NJ, 07107",,,4SB,,
,A0345,153 W VERNON AVE,Los Angeles,CA,90037,Los Angeles,Los Angeles County,Census geocoder matched the street address,"153 W VERNON AVE, LOS ANGELES, CA, 90037",1921,5,Five or more apartments,,
,A0347,2142 2ND AVE,San Diego,CA,92101,San Diego,San Diego County,Census geocoder matched the street address,"2142 2ND AVE, SAN DIEGO, CA, 92101",,9,SANDAG asr_landuse 14-16 (5+ units),,
,A0348,229 CLINTON ST,Hoboken,NJ,08755,Hoboken,Hudson County,Census geocoder matched the street address,"229 CLINTON ST, HOBOKEN, NJ, 07030",,,4F-7U,,
,A0349,2400 DANA ST,Berkeley,CA,94704,Berkeley,Alameda County,Census geocoder matched the street address,"2400 DANA ST, BERKELEY, CA, 94704",,,Alameda County use code (5+ units),,
,A0350,1051 WEST SIDE AVE.,Jersey City,NJ,07446,Jersey City,Hudson County,Census geocoder matched the street address,"1051 W SIDE AVE, JERSEY CITY, NJ, 07306",1900,,3S-B-D-6U-NH,,
,A0351,628 HYDE ST,San Francisco,CA,,San Francisco,San Francisco County,Census geocoder matched the street address,"628 HYDE ST, SAN FRANCISCO, CA, 94109",1907,7,Apartment 5 to 14 Units,,
,A0352,40-42 MT PROSPECT AVE,Newark,NJ,07083,Newark,Essex County,Census geocoder matched the street address,"40 MT PROSPECT AVE, NEWARK, NJ, 07104",1900,,3SB,,
,A0353,1044 E JEFFERSON BLVD,Los Angeles,CA,90011,Los Angeles,Los Angeles County,Census geocoder matched the street address,"1044 E JEFFERSON BLVD, LOS ANGELES, CA, 90011",,,Five or more apartments,,
,A0355,10701 AMESTOY AVE,Los Angeles,CA,91344,Los Angeles,Los Angeles County,Census geocoder matched the street address,"10701 AMESTOY AVE, GRANADA HILLS, CA, 91344",1986,7,Five or more apartments,,
,A0357,173 07TH ST,San Francisco,CA,,San Francisco,San Francisco County,Census geocoder matched the street address,"173 7TH ST, SAN FRANCISCO, CA, 94103",1997,29,Apartment 15 Units or more,,
,A0358,717 N 6TH ST,Newark,NJ,07110,Newark,Essex County,Census geocoder matched the street address,"717 N 6TH ST, NEWARK, NJ, 07107",,,3SB-2UG,,
,A0359,925 PARK AVE,Hoboken,NJ,07306,Hoboken,Hudson County,Census geocoder matched the street address,"925 PARK AVE, HOBOKEN, NJ, 07030",,,5B-10U-H-BA,,
,A0360,140 NEW YORK AVE.,Jersey City,NJ,10977,Jersey City,Hudson County,Census geocoder matched the street address,"140 NEW YORK AVE, JERSEY CITY, NJ, 07307",1924,,3S-B-A-14U-H,,
,A0361,15 Berkshire St,Cambridge,MA,,Cambridge,Middlesex County,Census geocoder matched the street address,"15 BERKSHIRE ST, CAMBRIDGE, MA, 02141",1915,6,4-8-UNIT-APT,,
,A0362,368 RIVERWAY ST,Boston,MA,02115,Boston,Suffolk County,Census geocoder matched the street address,"368 RIVERWAY, BOSTON, MA, 02115",1920,,APT 7-30 UNITS,,
,A0363,2451 SHATTUCK AVE,Berkeley,CA,94704,Berkeley,Alameda County,Census geocoder matched the street address,"2451 SHATTUCK AVE, BERKELEY, CA, 94704",,,Alameda County use code (5+ units),,
,A0364,125 03RD AV,San Francisco,CA,,San Francisco,San Francisco County,Census geocoder matched the street address,"125 3RD AVE, SAN FRANCISCO, CA, 94118",1964,6,Apartment 5 to 14 Units,,
,A0365,3940 IDAHO ST,San Diego,CA,92104,San Diego,San Diego County,Census geocoder matched the street address,"3940 IDAHO ST, SAN DIEGO, CA, 92104",,12,SANDAG asr_landuse 14-16 (5+ units),,
,A0367,219 S 35TH ST,San Diego,CA,92113,San Diego,San Diego County,Census geocoder matched the street address,"219 S 35TH ST, SAN DIEGO, CA, 92113",,7,SANDAG asr_landuse 14-16 (5+ units),,
,A0368,1430 FRANCISCO ST,San Francisco,CA,,San Francisco,San Francisco County,Census geocoder matched the street address,"1430 FRANCISCO ST, SAN FRANCISCO, CA, 94123",1926,12,Apartment 5 to 14 Units,,
,A0369,3260 CALIFORNIA ST,Berkeley,CA,94703,Berkeley,Alameda County,Census geocoder matched the street address,"3260 CALIFORNIA ST, BERKELEY, CA, 94703",,,Alameda County use code (5+ units),,
,A0370,2222 TOBERMAN ST,Los Angeles,CA,90007,Los Angeles,Los Angeles County,Census geocoder matched the street address,"2222 TOBERMAN ST, LOS ANGELES, CA, 90007",1924,6,Five or more apartments,,
,A0371,76-80 BRUEN ST,Newark,NJ,07105,Newark,Essex County,Census geocoder matched the street address,"76 BRUEN ST, NEWARK, NJ, 07105",,,USCB16UG,,
,A0372,314 SEVENTH ST.,Jersey City,NJ,07302,Jersey City,Hudson County,Census geocoder matched the street address,"314 7TH ST, JERSEY CITY, NJ, 07302",,,4S-B-D-7U-NH-G,,
,A0373,1315 SPRUCE ST,Berkeley,CA,94709,Berkeley,Alameda County,Census geocoder matched the street address,"1315 SPRUCE ST, BERKELEY, CA, 94709",,,Alameda County use code (5+ units),,
,A0374,686 S ARDMORE AVE,Los Angeles,CA,90005,Los Angeles,Los Angeles County,Census geocoder matched the street address,"686 S ARDMORE AVE, LOS ANGELES, CA, 90005",1990,15,Five or more apartments,,
,A0375,1880 FULTON ST,San Francisco,CA,,San Francisco,San Francisco County,Census geocoder matched the street address,"1880 FULTON ST, SAN FRANCISCO, CA, 94117",1921,9,Apartment 5 to 14 Units,,
,A0377,206 BLOOMFIELD ST,Hoboken,NJ,10003,Hoboken,Hudson County,Census geocoder matched the street address,"206 BLOOMFIELD ST, HOBOKEN, NJ, 07030",,,5B-14U-H-BA,,
,A0378,4053 IDAHO ST,San Diego,CA,92104,San Diego,San Diego County,Census geocoder matched the street address,"4053 IDAHO ST, SAN DIEGO, CA, 92104",,9,SANDAG asr_landuse 14-16 (5+ units),,
,A0379,1336 BRUNNER ST,San Diego,CA,92110,San Diego,San Diego County,Census geocoder matched the street address,"1336 BRUNNER ST, SAN DIEGO, CA, 92110",,12,SANDAG asr_landuse 14-16 (5+ units),,
,A0381,521-523 MARKET ST,Newark,NJ,07105,Newark,Essex County,Census geocoder matched the street address,"521 MARKET ST, NEWARK, NJ, 07105",,,3S.B.,,
,A0382,119 DAY ST,San Francisco,CA,,San Francisco,San Francisco County,Census geocoder matched the street address,"119 DAY ST, SAN FRANCISCO, CA, 94131",1964,10,Apartment 5 to 14 Units,,
,A0383,1908 CALIFORNIA ST,Berkeley,CA,94703,Berkeley,Alameda County,Census geocoder matched the street address,"1908 CALIFORNIA ST, BERKELEY, CA, 94703",,,Alameda County use code (5+ units),,
,A0385,1059 UNION ST,San Francisco,CA,,San Francisco,San Francisco County,Census geocoder matched the street address,"1059 UNION ST, SAN FRANCISCO, CA, 94133",1986,16,Apartment 15 Units or more,,
,A0386,3654 ARIZONA ST,San Diego,CA,92104,San Diego,San Diego County,Census geocoder matched the street address,"3654 ARIZONA ST, SAN DIEGO, CA, 92104",,7,SANDAG asr_landuse 14-16 (5+ units),,
,A0387,10303 CAMINITO ALVAREZ,San Diego,CA,92126,San Diego,San Diego County,Census geocoder matched the street address,"10303 CMT ALVAREZ, SAN DIEGO, CA, 92126",,152,SANDAG asr_landuse 14-16 (5+ units),,
,A0388,157-155 CLERK ST.,Jersey City,NJ,07305,Jersey City,Hudson County,Census geocoder matched the street address,"157 CLERK ST, JERSEY CITY, NJ, 07305",,,3S-F-D-6U-H,,
,A0389,923 GARDEN ST,Hoboken,NJ,07068,Hoboken,Hudson County,Census geocoder matched the street address,"923 GARDEN ST, HOBOKEN, NJ, 07030",,,5B-10U-H-BA,,
,A0390,70 DARCY ST,Newark,NJ,07202,Newark,Essex County,Census geocoder matched the street address,"70 DARCY ST, NEWARK, NJ, 07105",,,3S.F.,,
,A0391,265 22ND ST,San Diego,CA,92102,San Diego,San Diego County,Census geocoder matched the street address,"265 22ND ST, SAN DIEGO, CA, 92102",,9,SANDAG asr_landuse 14-16 (5+ units),,
,A0392,4545 N 39TH ST,San Diego,CA,92116,San Diego,San Diego County,Census geocoder matched the street address,"4545 39TH ST, SAN DIEGO, CA, 92116",,7,SANDAG asr_landuse 14-16 (5+ units),,
,A0393,91 JORDAN AVE.,Jersey City,NJ,07081,Jersey City,Hudson County,Census geocoder matched the street address,"91 JORDAN AVE, JERSEY CITY, NJ, 07306",,,4S-BA-21U-H,,
,A0394,45 RAVINE AVE.,Jersey City,NJ,07302,Jersey City,Hudson County,Census geocoder matched the street address,"45 RAVINE AVE, JERSEY CITY, NJ, 07307",1912,,3S-B-A-13U-H,,
,A0395,1632 RUSSELL ST,Berkeley,CA,94703,Berkeley,Alameda County,Census geocoder matched the street address,"1632 RUSSELL ST, BERKELEY, CA, 94703",,,Alameda County use code (5+ units),,
,A0396,3244 CLAIREMONT DR,San Diego,CA,92117,San Diego,San Diego County,Census geocoder matched the street address,"3244 CLAIREMONT DR, SAN DIEGO, CA, 92117",,6,SANDAG asr_landuse 14-16 (5+ units),,
,A0397,1677 BUSH ST,San Francisco,CA,,San Francisco,San Francisco County,Census geocoder matched the street address,"1677 BUSH ST, SAN FRANCISCO, CA, 94109",1900,21,Apartment 15 Units or more,,
,A0398,890 GREEN ST,San Francisco,CA,,San Francisco,San Francisco County,Census geocoder matched the street address,"890 GREEN ST, SAN FRANCISCO, CA, 94133",1908,5,TIC Bldg 4 units or less,,
,A0399,227 WILLOW AVE,Hoboken,NJ,07643,Hoboken,Hudson County,Census geocoder matched the street address,"227 WILLOW AVE, HOBOKEN, NJ, 07030",,,4B-9U,,
,A0400,174 MT PROSPECT AVE,Newark,NJ,07107,Newark,Essex County,Census geocoder matched the street address,"174 MT PROSPECT AVE, NEWARK, NJ, 07104",,,3SB,,
,A0401,257 14TH ST,San Francisco,CA,,San Francisco,San Francisco County,Census geocoder matched the street address,"257 14TH ST, SAN FRANCISCO, CA, 94103",1908,6,Apartment 5 to 14 Units,,
,A0402,2914 LARKIN ST,San Francisco,CA,,San Francisco,San Francisco County,Census geocoder matched the street address,"2914 LARKIN ST, SAN FRANCISCO, CA, 94109",1900,5,Flats 5 to 14 units,,
,A0403,45 Myrtle ST,Boston,MA,02114,Boston,Suffolk County,Census geocoder matched the street address,"45 MYRTLE ST, BOSTON, MA, 02114",1899,,SUBSD HOUSING S- 8,,
,A0404,240 BOWERS ST.,Jersey City,NJ,07603,Jersey City,Hudson County,Census geocoder matched the street address,"240 BOWERS ST, JERSEY CITY, NJ, 07307",1900,,3S-F-D-8U-H,,
,A0405,10214 FERNGLEN AVE,Los Angeles,CA,91042,Los Angeles,Los Angeles County,Census geocoder matched the street address,"10214 FERNGLEN AVE, TUJUNGA, CA, 91042",2008,6,Five or more apartments,,
,A0406,170 W Springfield ST,Boston,MA,02118,Boston,Suffolk County,Census geocoder matched the street address,"170 W SPRINGFIELD ST, BOSTON, MA, 02118",1899,,SUBSD HOUSING S- 8,,
,A0407,4188 GREENBUSH AVE,Los Angeles,CA,91423,Los Angeles,Los Angeles County,Census geocoder matched the street address,"4188 GREENBUSH AVE, SHERMAN OAKS, CA, 91423",1964,10,Five or more apartments,,
,A0408,14375 POLK ST,Los Angeles,CA,91342,Los Angeles,Los Angeles County,Census geocoder matched the street address,"14375 POLK ST, SYLMAR, CA, 91342",1964,23,Five or more apartments,,
,A0409,4428 GRESHAM ST,San Diego,CA,92109,San Diego,San Diego County,Census geocoder matched the street address,"4428 GRESHAM ST, SAN DIEGO, CA, 92109",,5,SANDAG asr_landuse 14-16 (5+ units),,
,A0410,319 SUMMIT AVE.,Jersey City,NJ,07306,Jersey City,Hudson County,Census geocoder matched the street address,"319 SUMMIT AVE, JERSEY CITY, NJ, 07306",1920,,4-S-BT-21U-H,,
,A0411,1833 BERKELEY WAY,Berkeley,CA,94703,Berkeley,Alameda County,Census geocoder matched the street address,"1833 BERKELEY WAY, BERKELEY, CA, 94703",,,Alameda County use code (5+ units),,
,A0412,229-231 GRAFTON AVE,Newark,NJ,07003,Newark,Essex County,Census geocoder matched the street address,"229 GRAFTON AVE, NEWARK, NJ, 07104",,,3SF,,
,A0413,2209 GRAND AVE,San Diego,CA,92109,San Diego,San Diego County,Census geocoder matched the street address,"2209 GRAND AVE, SAN DIEGO, CA, 92109",,8,SANDAG asr_landuse 14-16 (5+ units),,
,A0414,1987 CALIFORNIA ST,San Francisco,CA,,San Francisco,San Francisco County,Census geocoder matched the street address,"1987 CALIFORNIA ST, SAN FRANCISCO, CA, 94109",1922,9,Apartment 5 to 14 Units,,
,A0415,95 WAYNE ST.,Jersey City,NJ,07302,Jersey City,Hudson County,Census geocoder matched the street address,"95 WAYNE ST, JERSEY CITY, NJ, 07302",,,4S-B-A-46U-H,,
,A0416,882 PAVONIA AVE.,Jersey City,NJ,10281,Jersey City,Hudson County,Census geocoder matched the street address,"882 PAVONIA AVE, JERSEY CITY, NJ, 07306",,,5S-BT-B-C-21U-H,,
,A0417,4957 CAHUENGA BLVD,Los Angeles,CA,91601,Los Angeles,Los Angeles County,Census geocoder matched the street address,"4957 CAHUENGA BLVD, NORTH HOLLYWOOD, CA, 91601",,5,Five or more apartments,,
,A0418,221 SIP AVE.,Jersey City,NJ,07009,Jersey City,Hudson County,Census geocoder matched the street address,"221 SIP AVE, JERSEY CITY, NJ, 07306",,,3S-FD-12U-H,,
,A0419,1538 HENRY ST,Berkeley,CA,94709,Berkeley,Alameda County,Census geocoder matched the street address,"1538 HENRY ST, BERKELEY, CA, 94709",,,Alameda County use code (5+ units),,
,A0420,4419 CLEVELAND AVE,San Diego,CA,92116,San Diego,San Diego County,Census geocoder matched the street address,"4419 CLEVELAND AVE, SAN DIEGO, CA, 92116",,10,SANDAG asr_landuse 14-16 (5+ units),,
,A0421,17106 CHATSWORTH ST   APT 0001,Los Angeles,CA,91344,Los Angeles,Los Angeles County,Census geocoder matched the street address,"17106 CHATSWORTH ST, GRANADA HILLS, CA, 91344",1964,6,Five or more apartments,,
,A0422,21-23 Marion St,Cambridge,MA,,Cambridge,Middlesex County,Census geocoder matched the street address,"21 MARION ST, CAMBRIDGE, MA, 02141",1900,6,4-8-UNIT-APT,,
,A0424,208 JEFFERSON ST,Hoboken,NJ,07030,Hoboken,Hudson County,Census geocoder matched the street address,"208 JEFFERSON ST, HOBOKEN, NJ, 07030",,,4F-8U,,
,A0425,650 POST ST,San Francisco,CA,,San Francisco,San Francisco County,Census geocoder matched the street address,"650 POST ST, SAN FRANCISCO, CA, 94109",1916,23,Apartment 15 Units or more,,
,A0426,1307 COLUSA ST,San Diego,CA,92110,San Diego,San Diego County,Census geocoder matched the street address,"1307 COLUSA ST, SAN DIEGO, CA, 92110",,12,SANDAG asr_landuse 14-16 (5+ units),,
,A0427,7665 FOUNTAIN AVE,Los Angeles,CA,90046,Los Angeles,Los Angeles County,Census geocoder matched the street address,"7665 W FOUNTAIN AVE, LOS ANGELES, CA, 90046",1986,15,Five or more apartments,,
,A0428,312-314 MT PROSPECT AVE,Newark,NJ,07109,Newark,Essex County,Census geocoder matched the street address,"312 MT PROSPECT AVE, NEWARK, NJ, 07104",,,Apartments (class 4C),,
,A0429,12 BLACKWOOD ST,Boston,MA,02115,Boston,Suffolk County,Census geocoder matched the street address,"12 BLACKWOOD ST, BOSTON, MA, 02115",1899,,APT 7-30 UNITS,,
,A0430,1950 ADDISON ST,Berkeley,CA,94704,Berkeley,Alameda County,Census geocoder matched the street address,"1950 ADDISON ST, BERKELEY, CA, 94704",,,Alameda County use code (5+ units),,
,A0431,245 EUCLID AVE,San Diego,CA,92114,San Diego,San Diego County,Census geocoder matched the street address,"245 EUCLID AVE, SAN DIEGO, CA, 92114",,5,SANDAG asr_landuse 14-16 (5+ units),,
,A0432,14605 RAYEN ST,Los Angeles,CA,91402,Los Angeles,Los Angeles County,Census geocoder matched the street address,"14605 RAYEN ST, PANORAMA CITY, CA, 91402",1978,23,Five or more apartments,,
,A0433,720 W 27TH ST,Los Angeles,CA,90007,Los Angeles,Los Angeles County,Census geocoder matched the street address,"720 W 27TH ST, LOS ANGELES, CA, 90007",1964,58,Five or more apartments,,
,A0434,1225 HYDE ST,San Francisco,CA,,San Francisco,San Francisco County,Census geocoder matched the street address,"1225 HYDE ST, SAN FRANCISCO, CA, 94109",1913,8,Apartment 5 to 14 Units,,
,A0435,310 MONROE ST,Hoboken,NJ,07632,Hoboken,Hudson County,Census geocoder matched the street address,"310 MONROE ST, HOBOKEN, NJ, 07030",,,4B-8U-H,,
,A0436,832 WILLOW AVE,Hoboken,NJ,07030,Hoboken,Hudson County,Census geocoder matched the street address,"832 WILLOW AVE, HOBOKEN, NJ, 07030",,,5B-6B-25U-H-BA,,
,A0437,2969 SAN MARINO ST,Los Angeles,CA,90006,Los Angeles,Los Angeles County,Census geocoder matched the street address,"2969 SAN MARINO ST, LOS ANGELES, CA, 90006",2004,20,Five or more apartments,,
,A0438,60-62 CAMBRIDGE AVE,Jersey City,NJ,07430,Jersey City,Hudson County,Census geocoder matched the street address,"60 CAMBRIDGE AVE, JERSEY CITY, NJ, 07307",,,3S-F-A-12U-H,,
,A0439,225 25TH AV,San Francisco,CA,,San Francisco,San Francisco County,Census geocoder matched the street address,"225 25TH AVE, SAN FRANCISCO, CA, 94121",1988,7,Apartment 5 to 14 Units,,
,A0440,4042 FULTON ST,San Francisco,CA,,San Francisco,San Francisco County,Census geocoder matched the street address,"4042 FULTON ST, SAN FRANCISCO, CA, 94118",1921,5,Apartment 5 to 14 Units,,
,A0441,4017 ILLINOIS ST,San Diego,CA,92104,San Diego,San Diego County,Census geocoder matched the street address,"4017 ILLINOIS ST, SAN DIEGO, CA, 92104",,6,SANDAG asr_landuse 14-16 (5+ units),,
,A0442,7014 LANEWOOD AVE,Los Angeles,CA,90028,Los Angeles,Los Angeles County,Census geocoder matched the street address,"7014 LANEWOOD AVE, LOS ANGELES, CA, 90028",1986,18,Five or more apartments,,
,A0443,3526 FAIRMOUNT AVE,San Diego,CA,92105,San Diego,San Diego County,Census geocoder matched the street address,"3526 FAIRMOUNT AVE, SAN DIEGO, CA, 92105",,16,SANDAG asr_landuse 14-16 (5+ units),,
,A0444,231 COMMONWEALTH AV,Boston,MA,02116,Boston,Suffolk County,Census geocoder matched the street address,"231 COMMONWEALTH AVE, BOSTON, MA, 02116",1899,,APT 7-30 UNITS,,
,A0445,8790 VAN NUYS BLVD,Los Angeles,CA,91402,Los Angeles,Los Angeles County,Census geocoder matched the street address,"8790 VAN NUYS BLVD, PANORAMA CITY, CA, 91402",1977,25,Five or more apartments,,
,A0446,610 COLUMBUS AV,Boston,MA,02118,Boston,Suffolk County,Census geocoder matched the street address,"610 COLUMBUS AVE, BOSTON, MA, 02118",1899,,APT 7-30 UNITS,,
,A0447,208 CLINTON ST,Hoboken,NJ,07030,Hoboken,Hudson County,Census geocoder matched the street address,"208 CLINTON ST, HOBOKEN, NJ, 07030",,,5B-35U-G,,
,A0448,151-153 LAFAYETTE ST,Newark,NJ,07105,Newark,Essex County,Census geocoder matched the street address,"151 LAFAYETTE ST, NEWARK, NJ, 07105",,,3SB,,
,A0449,338 CLINTON PL,Newark,NJ,08701,Newark,Essex County,Census geocoder matched the street address,"338 CLINTON PL, NEWARK, NJ, 07112",,,3SB,,
,A0450,94 NEPTUNE AVE.,Jersey City,NJ,11211,Jersey City,Hudson County,Census geocoder matched the street address,"94 NEPTUNE AVE, JERSEY CITY, NJ, 07305",,,3S-F-D-6U-NH,,
,A0451,7300 VALMONT ST,Los Angeles,CA,91042,Los Angeles,Los Angeles County,Census geocoder matched the street address,"7300 VALMONT ST, TUJUNGA, CA, 91042",1989,8,Five or more apartments,,
,A0452,1310 N LAS PALMAS AVE,Los Angeles,CA,90028,Los Angeles,Los Angeles County,Census geocoder matched the street address,"1310 N LAS PALMAS AVE, LOS ANGELES, CA, 90028",1952,8,Five or more apartments,,
,A0453,11 Carlisle St,Cambridge,MA,,Cambridge,Middlesex County,Census geocoder matched the street address,"11 CARLISLE ST, CAMBRIDGE, MA, 02139",1910,6,4-8-UNIT-APT,,
,A0454,8944 COLUMBUS AVE,Los Angeles,CA,91343,Los Angeles,Los Angeles County,Census geocoder matched the street address,"8944 COLUMBUS AVE, NORTH HILLS, CA, 91343",1959,6,Five or more apartments,,
,A0455,78 STEVENS AVE.,Jersey City,NJ,07108,Jersey City,Hudson County,Census geocoder matched the street address,"78 STEVENS AVE, JERSEY CITY, NJ, 07305",,,4S-B-A-17U-H,,
,A0456,2151 CHATSWORTH BLVD,San Diego,CA,92107,San Diego,San Diego County,Census geocoder matched the street address,"2151 CHATSWORTH BLVD, SAN DIEGO, CA, 92107",,17,SANDAG asr_landuse 14-16 (5+ units),,
,A0457,1856 GREEN ST,San Francisco,CA,,San Francisco,San Francisco County,Census geocoder matched the street address,"1856 GREEN ST, SAN FRANCISCO, CA, 94123",1906,5,Apartment 5 to 14 Units,,
,A0458,1670 E 48TH PL,Los Angeles,CA,90011,Los Angeles,Los Angeles County,Census geocoder matched the street address,"1670 E 48TH PL, LOS ANGELES, CA, 90011",1963,6,Five or more apartments,,
,A0459,202 SOUTH ST.,Jersey City,NJ,07423,Jersey City,Hudson County,Census geocoder matched the street address,"202 SOUTH ST, JERSEY CITY, NJ, 07307",1915,,3S-F-7U,,
,A0460,223-229 SHEPHARD AVE,Newark,NJ,11204,Newark,Essex County,Census geocoder matched the street address,"223 SHEPHARD AVE, NEWARK, NJ, 07112",,,3SB,,
,A0461,735 11TH AV,San Francisco,CA,,San Francisco,San Francisco County,Census geocoder matched the street address,"735 11TH AVE, SAN FRANCISCO, CA, 94118",1923,5,Apartment 5 to 14 Units,,
,A0462,128 ST. PAULS AVE.,Jersey City,NJ,11211,Jersey City,Hudson County,Census geocoder matched the street address,"128 ST PAULS AVE, JERSEY CITY, NJ, 07306",1890,,3S-F-D-6U,,
,A0465,141 Oxford St,Cambridge,MA,,Cambridge,Middlesex County,Census geocoder matched the street address,"141 OXFORD ST, CAMBRIDGE, MA, 02140",1915,8,4-8-UNIT-APT,,
,A0466,115 NORWAY ST,Boston,MA,02115,Boston,Suffolk County,Census geocoder matched the street address,"115 NORWAY ST, BOSTON, MA, 02115",1920,,APT 7-30 UNITS,,
,A0467,24 ST ALBANS RD,Boston,MA,02115,Boston,Suffolk County,Census geocoder matched the street address,"24 ST ALBANS RD, BOSTON, MA, 02115",1923,,SUBSD HOUSING S- 8,,
,A0468,13 Shepard St,Cambridge,MA,,Cambridge,Middlesex County,Census geocoder matched the street address,"13 SHEPARD ST, CAMBRIDGE, MA, 02138",1910,6,4-8-UNIT-APT,,
,A0469,2701 SHATTUCK AVE,Berkeley,CA,94705,Berkeley,Alameda County,Census geocoder matched the street address,"2701 SHATTUCK AVE, BERKELEY, CA, 94705",,,Alameda County use code (5+ units),,
,A0470,1919 CURTIS ST,Berkeley,CA,94702,Berkeley,Alameda County,Census geocoder matched the street address,"1919 CURTIS ST, BERKELEY, CA, 94702",,,Alameda County use code (5+ units),,
,A0471,332-334 GARDEN ST,Hoboken,NJ,07604,Hoboken,Hudson County,Census geocoder matched the street address,"332 GARDEN ST, HOBOKEN, NJ, 07030",,,4 1/2B-10U-BA,,
,A0472,321 WILLOW AVE,Hoboken,NJ,07030,Hoboken,Hudson County,Census geocoder matched the street address,"321 WILLOW AVE, HOBOKEN, NJ, 07030",,,5B-12U-BA,,
,A0473,20 Phillips ST,Boston,MA,02114,Boston,Suffolk County,Census geocoder matched the street address,"20 PHILLIPS ST, BOSTON, MA, 02114",1899,,APT 7-30 UNITS,,
,A0474,3438 MCKINLEY AVE,Los Angeles,CA,90011,Los Angeles,Los Angeles County,Census geocoder matched the street address,"3438 MCKINLEY AVE, LOS ANGELES, CA, 90011",1928,8,Five or more apartments,,
,A0475,361 FIRST ST,Hoboken,NJ,07030,Hoboken,Hudson County,Census geocoder matched the street address,"361 1ST ST, HOBOKEN, NJ, 07030",,,4B-7U-H,,
,A0476,26-28 COTTAGE ST,Newark,NJ,07840,Newark,Essex County,Census geocoder matched the street address,"26 COTTAGE ST, NEWARK, NJ, 07102",,,2SF2UG,,
,A0477,2250 MISSION ST,San Francisco,CA,,San Francisco,San Francisco County,Census geocoder matched the street address,"2250 MISSION ST, SAN FRANCISCO, CA, 94110",1975,19,Apartment 15 Units or more,,
,A0478,3860 CHEROKEE AVE,San Diego,CA,92104,San Diego,San Diego County,Census geocoder matched the street address,"3860 CHEROKEE AVE, SAN DIEGO, CA, 92104",,9,SANDAG asr_landuse 14-16 (5+ units),,
,A0479,12948 MOORPARK ST,Los Angeles,CA,91604,Los Angeles,Los Angeles County,Census geocoder matched the street address,"12948 MOORPARK ST, STUDIO CITY, CA, 91604",1990,8,Five or more apartments,,
,A0480,4046 N 43RD ST,San Diego,CA,92105,San Diego,San Diego County,Census geocoder matched the street address,"4046 43RD ST, SAN DIEGO, CA, 92105",,11,SANDAG asr_landuse 14-16 (5+ units),,
,A0481,536 LEAVENWORTH ST,San Francisco,CA,,San Francisco,San Francisco County,Census geocoder matched the street address,"536 LEAVENWORTH ST, SAN FRANCISCO, CA, 94109",1925,63,Apartment 15 Units or more,,
,A0482,101 CLIFTON PL.,Jersey City,NJ,10982,Jersey City,Hudson County,Census geocoder matched the street address,"101 CLIFTON PL, JERSEY CITY, NJ, 07304",,,4S-B-A-25U-H,,
,A0483,1580 MARKET ST,San Francisco,CA,,San Francisco,San Francisco County,Census geocoder matched the street address,"1580 MARKET ST, SAN FRANCISCO, CA, 94102",1917,72,Apartment 15 Units or more,,
,A0484,1801 08TH AV,San Francisco,CA,,San Francisco,San Francisco County,Census geocoder matched the street address,"1801 8TH AVE, SAN FRANCISCO, CA, 94122",1948,5,Apartment 5 to 14 Units,,
,A0485,296-302 Western Ave,Cambridge,MA,,Cambridge,Middlesex County,Census geocoder matched the street address,"296 WESTERN AVE, CAMBRIDGE, MA, 02139",1920,6,4-8-UNIT-APT,,
,A0486,2280 MISSION ST,San Francisco,CA,,San Francisco,San Francisco County,Census geocoder matched the street address,"2280 MISSION ST, SAN FRANCISCO, CA, 94110",1910,9,Apartment 5 to 14 Units,,
,A0487,2118 FILLMORE ST,San Francisco,CA,,San Francisco,San Francisco County,Census geocoder matched the street address,"2118 FILLMORE ST, SAN FRANCISCO, CA, 94115",1900,11,Apartment 5 to 14 Units,,
,A0488,197 BEACON ST,Boston,MA,02116,Boston,Suffolk County,Census geocoder matched the street address,"197 BEACON ST, BOSTON, MA, 02116",1900,,APT 7-30 UNITS,,
,A0489,204 GRAND ST,Hoboken,NJ,06901,Hoboken,Hudson County,Census geocoder matched the street address,"204 GRAND ST, HOBOKEN, NJ, 07030",2000,,6B-30U-G,,
,A0490,526 ADAMS ST,Hoboken,NJ,07030,Hoboken,Hudson County,Census geocoder matched the street address,"526 ADAMS ST, HOBOKEN, NJ, 07030",,,4F-8U-C/3F-2U,,
,A0491,37 IRVING ST,Newark,NJ,07104,Newark,Essex County,Census geocoder matched the street address,"37 IRVING ST, NEWARK, NJ, 07104",,,3SF,,
,A0492,800 S HARVARD BLVD,Los Angeles,CA,90005,Los Angeles,Los Angeles County,Census geocoder matched the street address,"800 S HARVARD BLVD, LOS ANGELES, CA, 90005",2019,131,Five or more apartments,,
,A0493,4450 GEARY BL,San Francisco,CA,,San Francisco,San Francisco County,Census geocoder matched the street address,"4450 GEARY BLVD, SAN FRANCISCO, CA, 94118",1916,10,Apartment 5 to 14 Units,,
,A0494,2641 FRANKLIN ST,San Francisco,CA,,San Francisco,San Francisco County,Census geocoder matched the street address,"2641 FRANKLIN ST, SAN FRANCISCO, CA, 94123",1923,6,Apartment 5 to 14 Units,,
,A0495,230 VAN HORNE ST.,Jersey City,NJ,11219,Jersey City,Hudson County,Census geocoder matched the street address,"230 VAN HORNE ST, JERSEY CITY, NJ, 07304",1895,,3S-B-D-6U-NH,,
,A0496,512 32ND ST,San Diego,CA,92102,San Diego,San Diego County,Census geocoder matched the street address,"512 32ND ST, SAN DIEGO, CA, 92102",,8,SANDAG asr_landuse 14-16 (5+ units),,
,A0497,3750 29TH ST,San Diego,CA,92104,San Diego,San Diego County,Census geocoder matched the street address,"3750 29TH ST, SAN DIEGO, CA, 92104",,5,SANDAG asr_landuse 14-16 (5+ units),,
,A0498,684-686 SUMMER AVE,Newark,NJ,07644,Newark,Essex County,Census geocoder matched the street address,"684 SUMMER AVE, NEWARK, NJ, 07104",,,3SB,,
,A0499,8519 WILLIS AVE,Los Angeles,CA,91402,Los Angeles,Los Angeles County,Census geocoder matched the street address,"8519 WILLIS AVE, PANORAMA CITY, CA, 91402",1962,33,Five or more apartments,,
,A0500,8811 BURNET AVE,Los Angeles,CA,91343,Los Angeles,Los Angeles County,Census geocoder matched the street address,"8811 BURNET AVE, NORTH HILLS, CA, 91343",1954,36,Five or more apartments,,
