priority,doc_id,jurisdiction,url_in_starter_pack,source_type,official_page_with_full_text (city or state site),date_you_opened_it,your_note
"HIGH (40 addresses, test T2/T3)",D032,"Hoboken, NJ",https://ecode360.com/15252438,code publisher,,,
"HIGH (40 addresses, test T2/T3)",D033,"Hoboken, NJ",https://ecode360.com/15252470,code publisher,,,
"HIGH (40 addresses, test T2/T3)",D034,"Hoboken, NJ",https://ecode360.com/46833413,code publisher,,,
"HIGH (50 addresses, test T2/T3)",D035,"Jersey City, NJ",https://hudsoncountyview.com/jersey-city-council-approves-realpage-ban-and-increasing-benefits-for-laborers/,secondary (law firm / news / mirror),,,
"HIGH (50 addresses, test T2/T3)",D037,"Jersey City, NJ",https://www.morganlewis.com/pubs/2026/08/algorithmic-rent-pricing-litigation-expands-under-new-state-and-local-laws,secondary (law firm / news / mirror),,,
HIGH (50 addresses),D070,"Newark, NJ",https://ecode360.com/36623772,code publisher,,,
HIGH (50 addresses),D071,"Newark, NJ",https://ecode360.com/36637822,code publisher,,,
HIGH (50 addresses),D072,"Newark, NJ",https://ecode360.com/36642000,code publisher,,,
HIGH (50 addresses),D074,"San Diego, CA",https://gocodebook.com/library/us/ca/san-diego-zoning/division-11-prohibition-of-anti-competitive-automated-rent-price-fixing/98.1103-use-and-sale-of-algorithmic-devices-prohibited,code publisher,,,
HIGH (50 addresses),D075,"San Diego, CA",https://gocodebook.com/library/us/ca/san-diego-zoning/division-8-prohibition-of-discrimination-based-on-a-tenant-s-source-of-income,code publisher,,,
HIGH (50 addresses),D077,"San Diego, CA",https://www.lassd.org/resource/city-of-san-diego-tenant-protection-ordinance/,secondary (law firm / news / mirror),,,
"MEDIUM (rules only, no addresses)",D086,"Santa Ana, CA",https://www.ocbj.com/real-estate/santa-ana-bans-landlords-from-using-ai-apartment-rent-pricing-software/,secondary (law firm / news / mirror),,,
"MEDIUM (rules only, no addresses)",D087,"Santa Ana, CA",https://www.publicceo.com/2026/02/santa-ana-city-council-continues-to-strengthen-tenant-protections-by-banning-anticompetitive-rent-setting-software/,secondary (law firm / news / mirror),,,
LOW (text for this law is already in the corpus or it is secondary),D002,"Berkeley, CA",https://morganlewis.com/pubs/2026/08/algorithmic-rent-pricing-litigation-expands-under-new-state-and-local-laws,secondary (law firm / news / mirror),,,
LOW (text for this law is already in the corpus or it is secondary),D015,CA,https://caanet.org/compliance-reminder-section-8-acceptance-and-criminal-background-checks-are-fair-housing-issues/,secondary (law firm / news / mirror),,,
LOW (text for this law is already in the corpus or it is secondary),D017,CA,https://california.public.law/codes/civil_code_section_1950.6,secondary (law firm / news / mirror),,,
LOW (text for this law is already in the corpus or it is secondary),D018,CA,https://law.justia.com/codes/california/code-civ/division-3/part-4/title-5/chapter-2/section-1946-2/,secondary (law firm / news / mirror),,,
LOW (text for this law is already in the corpus or it is secondary),D019,CA,https://law.justia.com/codes/california/code-civ/division-3/part-4/title-5/chapter-2/section-1947-12/,secondary (law firm / news / mirror),,,
LOW (text for this law is already in the corpus or it is secondary),D020,CA,https://law.justia.com/codes/california/code-civ/division-3/part-4/title-5/chapter-2/section-1950-5/,secondary (law firm / news / mirror),,,
LOW (text for this law is already in the corpus or it is secondary),D021,CA,https://law.justia.com/codes/california/code-gov/title-2/division-3/part-2-8/chapter-6/article-2/section-12955/,secondary (law firm / news / mirror),,,
LOW (text for this law is already in the corpus or it is secondary),D028,CA,https://www.clearygottlieb.com/news-and-insights/publication-listing/californias-antitrust-law-amendments-kick-in-targeting-algorithmic-pricing,secondary (law firm / news / mirror),,,
LOW (text for this law is already in the corpus or it is secondary),D030,"Cambridge, MA",https://www.cambridgeday.com/?p=158097,secondary (law firm / news / mirror),,,
LOW (text for this law is already in the corpus or it is secondary),D038,"Los Angeles, CA",https://codelibrary.amlegal.com/codes/los_angeles/latest/lamc/0-0-0-322208,code publisher,,,
LOW (text for this law is already in the corpus or it is secondary),D044,"Los Angeles, CA",https://members.aagla.org/news/city-of-la-security-deposit-interest-requirement,secondary (law firm / news / mirror),,,
LOW (text for this law is already in the corpus or it is secondary),D054,MA,https://masslandlords.net/can-massachusetts-landlords-charge-an-application-fee/,secondary (law firm / news / mirror),,,
LOW (text for this law is already in the corpus or it is secondary),D055,MA,https://massrealestatelawblog.com/tag/cella-v-attorney-general/,secondary (law firm / news / mirror),,,
LOW (text for this law is already in the corpus or it is secondary),D056,MA,https://www.mass.gov/doc/803-cmr-5-criminal-offender-record-information-cori-housing/download,official,,,
LOW (text for this law is already in the corpus or it is secondary),D059,MA,https://www.wbur.org/news/2026/06/23/massachusetts-high-court-rent-control-ballot-question-struck,secondary (law firm / news / mirror),,,
LOW (text for this law is already in the corpus or it is secondary),D060,NJ,https://daypitney.com/new-jersey-enacts-fair-act-to-prohibit-algorithmic-rent-setting-practices,secondary (law firm / news / mirror),,,
LOW (text for this law is already in the corpus or it is secondary),D061,NJ,https://law.justia.com/codes/new-jersey/title-10/section-10-5-12/,secondary (law firm / news / mirror),,,
LOW (text for this law is already in the corpus or it is secondary),D062,NJ,https://law.justia.com/codes/new-jersey/title-2a/section-2a-18-61-1/,secondary (law firm / news / mirror),,,
LOW (text for this law is already in the corpus or it is secondary),D063,NJ,https://law.justia.com/codes/new-jersey/title-46/section-46-8-21-2/,secondary (law firm / news / mirror),,,
LOW (text for this law is already in the corpus or it is secondary),D064,NJ,https://law.justia.com/codes/new-jersey/title-46/section-46-8-26/,secondary (law firm / news / mirror),,,
