doc_id,jurisdictions,url,source_type,retrieved_at,sha256,text_file,note
D032,"Hoboken, NJ",https://hobokenmsta.com/wp-content/uploads/2024/02/Rent-Control.pdf,secondary (third-party mirror of the city code),2026-10-03T21:00Z,fd0c6573345eced1bbbb898cad77370111809afe17e4701fa3966d0e535ac883,corpus_extra/D032.txt,"THIRD-PARTY COPY of Hoboken Code Chapter 155 (Rent Control) posted by the Hoboken Mile Square Taxpayers Association (2024). The official code is on ecode360 (link-only D032), not captured because of publisher terms. A reviewer should confirm against the official code."
D033,"Hoboken, NJ",https://www.hobokennj.gov/news/city-of-hoboken-launches-rent-control-education-campaign,official (captured by the team; not in the starter pack),2026-10-03T21:00Z,3e3ee12dfe7a293c0d9d83ed8a9b0a8bc4b4dedd82c045910caf987b7a790884,corpus_extra/D033.txt,"Official City of Hoboken page on rent control (Municipal Code Chapter 155). Captured for starter-pack link-only sources D032/D033 (ecode360, not captured because of publisher terms)."
D034,"Hoboken, NJ",https://hobokennj.iqm2.com/Citizens/Detail_LegiFile.aspx?ID=12291&MeetingID=2943,official (captured by the team; not in the starter pack),2026-10-03T20:56Z,dca39e49b0ca63a8e6d393d82f17935f0a1f370c0034a11b032c5569a27920f4,corpus_extra/D034.txt,"Official City of Hoboken legislative record of the adopted ordinance (Jul 9, 2025). Captured for starter-pack link-only source D034 (ecode360 46833413)."
D035,"Jersey City, NJ",https://cityofjerseycity.civicweb.net/document/429156/Ordinance%20Amending%20Chapter%20218%20creating%20section.pdf,official (captured by the team; not in the starter pack),2026-10-03T20:56Z,3313c75019381e8be8408047a0894b9ff1192c8c2ff1f778c682cd437eae38f7,corpus_extra/D035.txt,"Official Jersey City ordinance document (Ord. 25-057, Chapter 218 Section 12). Captured for starter-pack link-only sources D035/D037 (news and law-firm pages)."
D044,"Los Angeles, CA",https://housing.lacity.gov/wp-content/uploads/2023/01/44-Interest-Payments-on-Security-Deposits-English.pdf,official (captured by the team; not in the starter pack),2026-10-03T21:19Z,f44b6b894174b8434df9862fa064415555bfc2700c7faff245f223d06a0f75b1,corpus_extra/D044.txt,Official Los Angeles Housing Department Rent Stabilization Bulletin on interest payments on security deposits. Captured for starter-pack link-only source D044 (landlord association page).
D059,MA,https://www.wgbh.org/news/politics/2026-06-23/rent-control-question-disqualified-due-to-religious-exemption,secondary (news report),2026-10-03T21:00Z,ebbff20952185c4d7c1736c5670d30592997d202f3192caeed95c967ee5ebbbe,corpus_extra/D059.txt,"NEWS REPORT (State House News Service via WGBH, June 23, 2026) on the Supreme Judicial Court ruling in Cella v. Attorney General, SJC-13893. The starter-pack source D059 is also a news report (WBUR, link-only); the court's opinion and docket pages block automated access."
D070,"Newark, NJ",https://www.newarknj.gov/255/Division-of-Rent-Control,official (captured by the team; not in the starter pack),2026-10-03T21:00Z,63be6af6d2bd4b716f1358705e004904489cf6668453f3ebf6148f88af4d5fb1,corpus_extra/D070.txt,Official City of Newark Division of Rent Control page quoting Newark Municipal Code 19:2-3. Captured for starter-pack link-only source D070 (ecode360 36623772).
D074,"San Diego, CA",https://docs.sandiego.gov/municode/MuniCodeChapter09/Ch09Art08Division11.pdf,official (captured by the team; not in the starter pack),2026-10-03T20:58Z,85e17131f6c92150ea575dc6e984312acccabb50c605502c3f5a73aeee5fd3dc,corpus_extra/D074.txt,"Official San Diego Municipal Code, Ch. 9 Art. 8 Div. 11 (adopted text). Captured for starter-pack link-only source D074 (gocodebook mirror); the corpus only had the 2025 proposal (D076)."
D075,"San Diego, CA",https://docs.sandiego.gov/municode/MuniCodeChapter09/Ch09Art08Division08.pdf,official (captured by the team; not in the starter pack),2026-10-03T20:58Z,e9fad5f400e23daecfe3d72f0be0ed490cb74ca876fb8e274bc5a70de50d6800,corpus_extra/D075.txt,"Official San Diego Municipal Code, Ch. 9 Art. 8 Div. 8 (source of income). Captured for starter-pack link-only source D075 (gocodebook mirror)."
D086,"Santa Ana, CA",https://www.santa-ana.org/rent-stabilization-newsletter-march-2026/,official (captured by the team; not in the starter pack),2026-10-03T21:04Z,49baef0161c7f42ac996d131effd9a832ab6748c28abe1cf5de4f1bcbed505be,corpus_extra/D086.txt,"Official City of Santa Ana Rent Stabilization newsletter (posted March 30, 2026) reporting adoption of the algorithmic rent-setting ordinance on March 3, 2026. Captured for starter-pack link-only source D086 (news)."
D087,"Santa Ana, CA",https://santa-ana.gov/anticompetitive-rent-setting-software/,official (captured by the team; not in the starter pack),2026-10-03T21:00Z,8e0dd1aa358714c79a954dc4a74e7097d0795546e2b64c5902cbf66eb7212dc1,corpus_extra/D087.txt,Official City of Santa Ana announcement of the adopted ordinance banning anticompetitive rent-setting software. Captured for starter-pack link-only sources D086/D087 (news).
X001,CA,https://leginfo.legislature.ca.gov/faces/codes_displaySection.xhtml?lawCode=BPC&sectionNum=16729,official (captured by the team; not in the starter pack),2026-10-03T20:58Z,c725a77289c5d548fc714863ec395b32229bac9349d976def5c273c3be715e06,corpus_extra/X001.txt,Official California Legislative Information code page for Bus. & Prof. Code 16729 (added by AB 325). Read in a browser because the site blocks scripts; text copied verbatim. States the effective date that the AB 325 bill page (D022) does not.
